nim,kode_prodi_raw,prodi_raw
22SI0063,SI,Sist. Informasi
22DS0050,DS,Sains Data
24TI0062,TI,TI
24TR0076,TR,Teknologi Rekayasa Komputer
22DS0035,DS,Sains Data
24SI0003,SI,Sistem Informasi
21TI0009,TI,Teknologi Informasi
24SI0041,SI,Sistem Informasi
24SI0053,SI,SISTEM INFORMASI
22SI0018,SI,Sistem Informasi
22IF0042,IF,Informatika
21BD0004,BD,Bisnis Digital
24BD0059,BD,Bisnis Digital
24SI0060,SI,Sistem Informasi
22TI0004,TI,Teknologi Informasi
22IF0074,IF,INFORMATIKA
24BD0015,BD,Bisnis Digital
24TI0076,TI,Teknologi Informasi
21SI0004,SI,Sistem Informasi
21TI0059,TI,Teknologi Informasi
22TR0015,TR,Teknologi Rekayasa Komputer
22SI0046,SI,Sistem Informasi
21IF0033,IF,IF
23TI0069,TI,Teknologi Informasi
22BD0049,BD,Bisnis Dig.
24DS0077,DS,Sains data
24TR0072,TR,Teknologi Rekayasa Komputer
22IF0009,IF,Informatika
21SI0019,SI,Sist. Informasi
22TI0046,TI,Teknologi Informasi
21TR0024,TR,Teknologi Rekayasa Komputer
22BD0068,BD,Bisnis Digital
21TR0046,TR,TR
21TI0067,TI,Teknologi Informasi
24TR0062,TR,Teknologi Rekayasa Komputer
22TI0007,TI,Teknologi Informasi
24SI0039,SI,Sistem Informasi
23DS0010,DS,Sains Data
24TR0059,TR,Tek. Rekayasa Komputer
22TI0010,TI,Tek. Informasi
21IF0011,IF,Informatika
21DS0001,DS,Sains Data
22TI0065,TI ,TI
22IF0075,IF,Informatika
21TI0055,TI,Teknologi Informasi
23SI0079,SI,SI
23SI0038,SI,Sistem Informasi
21DS0003,DS,Sains Data
22SI0082,SI,Sistem Informasi
22BD0005,BD,Bisnis digital
23BD0068,BD,Bisnis Digital
21BD0051,BD,BD
24SI0035,SI,Sistem Informasi
22IF0025,IF,Informatika
24TR0022,TR,Teknologi Rekayasa Komputer
24SI0067,SI,Sistem Informasi
24TI0005,TI,Teknologi Informasi
22TI0033,TI,Teknologi Informasi
22SI0029,SI,Sistem Informasi
24IF0026,IF,Informatika
23SI0037,SI,Sistem Informasi
22IF0071,IF,Teknik Informatika
21BD0065,BD,Bisnis Digital
24BD0002,BD,Bisnis Digital
21BD0026,BD,Bisnis Dig.
24TI0090,TI,Teknologi informasi
23SI0010,SI,Sistem Informasi
23SI0035, SI,Sistem Informasi
24IF0027,IF,Informatika
21IF0070,IF,Informatika
24TI0046,TI,Teknologi Informasi
22TR0029,TR,Teknologi Rekayasa Komputer
24DS0059,DS,Sains Data
22DS0030,DS,Sains Data
21TI0036, TI,Teknologi Informasi
24TI0075,TI ,Teknologi Informasi
24IF0071,IF,Teknik Informatika
23TR0035,TR,Teknologi Rekayasa Komputer
23DS0032,DS,Sains Data
23IF0006,IF,Teknik Informatika
