nilai_id,nim,kode_mk,semester_id,nilai_angka,nilai_huruf,status_lulus,tanggal_input_raw
NIL0000320,21TI0054,TI102,2021G,105.0,A,Lulus,2021-12-06
NIL0002756,21TI0010,TI202,2021E,-9.0,E,Lulus,31/05/2022
NIL0023780,23DS0009,DS102,2023G,-3.0,E,Lulus,03-Dec-2023
NIL0027304,21TR0058,TR604,2023E,102.0,A,Lulus,02-Jun-2024
NIL0031645,23SI0080,SI201,2023E,104.0,A,Lulus,13/06/2024
NIL0032132,23IF0071,IF202,2023E,-18.0,E,Lulus,2024-05-16
NIL0032790,23TR0010,MKU202,2023E,106.0,A,Lulus,2024-05-22
NIL0033040,23TR0052,TR204,2023E,-12.0,E,Lulus,2024-06-04
NIL0034551,21SI0074,SI703,2024G,-15.0,E,Lulus,2024-12-15
NIL0039823,23SI0018,SI301,2024G,103.0,A,Lulus,05-Dec-2024
NIL0042099,23BD0067,BD303,2024G,101.0,A,Lulus,01/12/2024
NIL0042885,24SI0024,SI103,2024G,-6.0,E,Lulus,01-Dec-2024
NIL0001733,21DS0038,MKU101,2021G,,,Lulus,2021-11-29
NIL0002208,21TR0050,MKU102,2021G,,,Lulus,2021-12-23
NIL0006664,21IF0045,IF304,2022G,,,Lulus,2022-12-07
NIL0008360,22TI0044,TI102,2022G,,,Lulus,2022-12-04
NIL0014086,22TI0073,TI204,2022E,,,Lulus,2023-06-08
NIL0017229,21SI0037,SI503,2023G,,,Lulus,2023-12-16
NIL0018537,21TR0022,TR503,2023G,,,Lulus,02/12/2023
NIL0024001,23DS0046,DS101,2023G,,,Lulus,2023-12-07
NIL0024903,23BD0051,BD103,2023G,,,Lulus,23/12/2023
NIL0034099,21TI0084,TI701,2024G,,,Lulus,2024-12-11
NIL0035956,21BD0010,BD704,2024G,,,Lulus,2024-12-19
NIL0039671,23TI0087,MKU301,2024G,,,Lulus,2024-12-11
NIL0040962,23DS0022,MKU302,2024G,,,Lulus,23-Dec-2024
NIL0041472,23TR0032,MKU302,2024G,,,Lulus,11/12/2024
NIL0047029,21DS0038,DS801,2024E,,,Lulus,2025-05-31
NIL0049017,22SI0080,SI603,2024E,,,Lulus,2025-06-09
NIL0049020,22SI0080,MKU602,2024E,,,Lulus,2025-06-17
NIL0050524,22BD0017,BD604,2024E,,,Lulus,07/06/2025
NIL0053308,23TR0055,TR404,2024E,,,Tidak Lulus,27/05/2025
NIL0055310,24IF0051,IF202,2024E,,,Lulus,2025-06-11
NIL0004118,21IF0071,IF202,2021E,68.2,D,Lulus,01-Jun-2022
NIL0007416,21TR0018,MKU302,2022G,78.0,C,Lulus,2022-12-20
NIL0009299,22IF0025,MKU101,2022G,82.8,B,Lulus,2022-12-09
NIL0011440,21TI0082,TI404,2022E,67.3,E,Lulus,2023-06-02
NIL0011725,21SI0045,SI401,2022E,78.5,C,Lulus,16-Jun-2023
NIL0012944,21TR0015,TR402,2022E,80.1,C,Lulus,2023-06-19
NIL0015590,22DS0059,DS202,2022E,74.1,AB,Lulus,2023-05-31
NIL0020111,22SI0062,MKU301,2023G,59.1,AB,Tidak Lulus,2023-12-14
NIL0021195,22DS0068,DS303,2023G,80.0,E,Lulus,2023-11-27
NIL0029082,22IF0047,MKU402,2023E,76.6,A,Lulus,2024-06-05
NIL0031556,23SI0065,SI202,2023E,79.1,E,Lulus,2024-06-09
NIL0033574,23BD0071,BD204,2023E,91.3,D,Lulus,2024-06-03
NIL0035755,21TR0042,TR701,2024G,61.7,A,Lulus,12-Dec-2024
NIL0039112,22BD0065,BD504,2024G,68.3,E,Lulus,2024-12-16
NIL0046203,21SI0066,SI803,2024E,81.1,D,Lulus,2025-05-21
NIL0049171,22IF0021,IF601,2024E,75.8,E,Lulus,2025-06-09
NIL0052262,23IF0051,IF402,2024E,85.0,C,Lulus,2025-05-31
NIL0053075,23TR0016,MKU401,2024E,100.0,BC,Lulus,2025-05-31
NIL0053938,24TI0015,TI204,2024E,90.2,D,Lulus,2025-06-14
NIL0056048,24DS0075,DS202,2024E,73.5,D,Lulus,2025-06-06
NIL0026371,21IF0055,IF601,2023E,63.1,C,Lulus,04/06/2024
NIL0043772,24IF0078,IF102,2024G,60.1,C,Lulus,24-Dec-2024
NIL0024502,23TR0054,TR104,2023G,59.2,D,Tidak Lulus,2023-12-18
NIL0043169,24SI0071,MKU101,2024G,85.4,A,Lulus,2024-12-15
NIL0009428,22IF0047,IF102,2022G,84.1,AB,Lulus,2022-12-17
NIL0031749,23IF0007,IF203,2023E,81.5,AB,Lulus,2024-06-16
NIL0045292,24BD0077,BD104,2024G,63.7,C,Lulus,2024-12-11
NIL0033577,23BD0072,BD201,2023E,78.4,B,Lulus,2024-05-22
NIL0053641,23BD0041,BD401,2024E,79.4,B,Lulus,2025-05-31
NIL0017469,21SI0077,SI503,2023G,83.8,AB,Lulus,2023-12-12
NIL0033013,23TR0048,TR201,2023E,53.1,D,Tidak Lulus,2024-06-17
NIL0036786,22TI0081,MKU502,2024G,83.2,AB,Lulus,05-Dec-2024
NIL0018322,21DS0053,DS504,2023G,81.8,AB,Lulus,2023-12-08
NIL0039949,23SI0039,SI301,2024G,59.8,D,Tidak Lulus,2024-12-10
NIL0044031,24DS0022,DS103,2024G,62.0,C,Lulus,2024-12-20
NIL0043638,24IF0055,MKU102,2024G,91.6,A,Lulus,21-Dec-2024
NIL0024482,23TR0051,TR102,2023G,79.4,B,Lulus,2023-11-30
NIL0044601,24TR0039,TR103,2024G,60.5,C,Lulus,2024-12-26
NIL0041992,23BD0049,BD304,2024G,69.0,C,Lulus,2024-12-18
NIL0007630,21TR0054,TR304,2022G,79.7,B,Lulus,2022-12-08
NIL0030098,22TR0056,TR402,2023E,73.0,BC,Lulus,2024-05-29
NIL0034423,21SI0053,SI701,2024G,69.6,C,Lulus,2024-12-22
NIL0022794,23SI0029,MKU102,2023G,74.4,BC,Lulus,2023-12-09
NIL0038215,22DS0055,DS501,2024G,68.7,C,Lulus,2024-12-18
NIL0021608,22TR0066,TR302,2023G,90.8,A,Lulus,2023-12-26
NIL0001153,21IF0027,IF101,2021G,87.6,A,Lulus,2021-11-24
NIL0025214,21TI0028,TI602,2023E,70.3,BC,Lulus,14/06/2024
NIL0023923,23DS0033,DS101,2023G,79.6,B,Lulus,27-Nov-2023
NIL0038373,22TR0010,TR503,2024G,68.9,C,Lulus,2024-12-14
NIL0021845,22BD0037,MKU301,2023G,79.9,B,Lulus,03/12/2023
