nim,tanggal_lahir_raw,tanggal_masuk_raw
24BD0068,22-Nov-2007,2024-08-21
24TI0075,02/03/2005,2024-08-22
22DS0038,09/08/2004,2022-08-20
22TI0060,2004-01-27,2022-08-19
21IF0018,2004-10-19,2021-08-19
24DS0012,2006-02-12,2024-08-22
22IF0017,2005-08-10,19/08/2022
21IF0058,2002-12-26,18/08/2021
22TI0083,2004-05-05,2022-08-21
24IF0094,2004-06-08,2024-08-22
24SI0063,12/11/2006,23-Aug-2024
24IF0080,2005-09-14,2024-08-21
22IF0073,2003-10-07,2022-08-18
23BD0020,2004-05-18,2023-08-16
22TI0088,2003-11-06,18/08/2022
21BD0012,2001-05-18,2021-08-16
22TR0009,2003-10-27,21/08/2022
23TI0029,2004-09-22,2023-08-25
24TI0065,2007-01-23,2024-08-16
21BD0061,2002-02-08,2021-08-22
24TR0073,2006-01-13,2024-08-18
21DS0041,13/05/2003,2021-08-20
22IF0032,2005-06-24,18-Aug-2022
21TI0065,2003-12-03,2021-08-16
21TR0056,26/01/2003,25/08/2021
21IF0040,26-Sep-2002,2021-08-19
21DS0063,16/01/2002,2021-08-21
21TI0068,2003-07-05,2021-08-15
22BD0027,2003-05-06,2022-08-19
22TR0052,2005-06-06,2022-08-24
22SI0029,08/07/2004,2022-08-22
21BD0029,2004-04-28,2021-08-21
23DS0075,2004-04-24,2023-08-21
21IF0072,06/11/2003,2021-08-19
23SI0055,03/04/2004,2023-08-17
