kode_kota,nama_kota,provinsi
K01,Kendari,Sulawesi Tenggara
K02,Baubau,Sulawesi Tenggara
K03,Kolaka,Sulawesi Tenggara
K04,Unaaha,Sulawesi Tenggara
K05,Raha,Sulawesi Tenggara
K06,Wakatobi,Sulawesi Tenggara
K07,Makassar,Sulawesi Selatan
K08,Palu,Sulawesi Tengah
K09,Manado,Sulawesi Utara
K10,Gorontalo,Gorontalo
K11,Ambon,Maluku
K12,Banda Aceh,Aceh
K13,Medan,Sumatera Utara
K14,Padang,Sumatera Barat
K15,Palembang,Sumatera Selatan
K16,Bandung,Jawa Barat
K17,Semarang,Jawa Tengah
K18,Yogyakarta,DI Yogyakarta
K19,Surabaya,Jawa Timur
K20,Mataram,Nusa Tenggara Barat
