nilai_raw,kode_prodi_standar,nama_prodi_standar
Teknologi Informasi,TI,Teknologi Informasi
TI,TI,Teknologi Informasi
Tek. Informasi,TI,Teknologi Informasi
TEKNOLOGI INFORMASI,TI,Teknologi Informasi
Teknologi informasi,TI,Teknologi Informasi
Sistem Informasi,SI,Sistem Informasi
SI,SI,Sistem Informasi
Sist. Informasi,SI,Sistem Informasi
SISTEM INFORMASI,SI,Sistem Informasi
Sistem informasi,SI,Sistem Informasi
Informatika,IF,Informatika
IF,IF,Informatika
Teknik Informatika,IF,Informatika
INFORMATIKA,IF,Informatika
informatika,IF,Informatika
Sains Data,DS,Sains Data
DS,DS,Sains Data
Data Science,DS,Sains Data
SAINS DATA,DS,Sains Data
Sains data,DS,Sains Data
Teknologi Rekayasa Komputer,TR,Teknologi Rekayasa Komputer
TR,TR,Teknologi Rekayasa Komputer
Tek. Rekayasa Komputer,TR,Teknologi Rekayasa Komputer
TRK,TR,Teknologi Rekayasa Komputer
TEKNOLOGI REKAYASA KOMPUTER,TR,Teknologi Rekayasa Komputer
Bisnis Digital,BD,Bisnis Digital
BD,BD,Bisnis Digital
Bisnis Dig.,BD,Bisnis Digital
BISNIS DIGITAL,BD,Bisnis Digital
Bisnis digital,BD,Bisnis Digital
