kelulusan_id,nim,tanggal_lulus_raw,ipk_final,masa_studi_bulan,predikat,status_tepat_waktu
GRD00001,21TI0002,2025-06-14,2.99,46,Memuaskan,Ya
GRD00002,21TI0003,2025-06-15,2.54,46,Cukup,Ya
GRD00003,21TI0004,2025-06-25,2.9,46,Memuaskan,Ya
GRD00004,21TI0005,2025-06-26,2.95,46,Memuaskan,Ya
GRD00005,21TI0006,2025-06-05,2.94,46,Memuaskan,Ya
GRD00006,21TI0007,2025-06-28,2.88,46,Memuaskan,Ya
GRD00007,21TI0008,2025-06-24,2.76,46,Cukup,Ya
GRD00008,21TI0009,2025-06-22,2.61,46,Cukup,Ya
GRD00009,21TI0010,2025-06-24,2.78,46,Memuaskan,Ya
GRD00010,21TI0011,2025-06-14,2.85,46,Memuaskan,Ya
GRD00011,21TI0012,2025-06-23,3.29,46,Sangat Memuaskan,Ya
GRD00012,21TI0013,2025-06-20,3.12,46,Sangat Memuaskan,Ya
GRD00013,21TI0014,2025-06-22,3.3,46,Sangat Memuaskan,Ya
GRD00014,21TI0016,2025-06-24,2.93,46,Memuaskan,Ya
GRD00015,21TI0018,2025-06-07,2.98,46,Memuaskan,Ya
GRD00016,21TI0019,2025-06-26,3.25,46,Sangat Memuaskan,Ya
GRD00017,21TI0020,2025-06-21,3.11,46,Sangat Memuaskan,Ya
GRD00018,21TI0021,2025-06-23,2.72,46,Cukup,Ya
GRD00019,21TI0022,2025-06-16,2.88,47,Memuaskan,Ya
GRD00020,21TI0023,2025-06-05,2.8,46,Memuaskan,Ya
GRD00021,21TI0024,2025-06-08,3.11,46,Sangat Memuaskan,Ya
GRD00022,21TI0025,2025-06-28,2.92,47,Memuaskan,Ya
GRD00023,21TI0026,2025-06-13,3.07,46,Sangat Memuaskan,Ya
GRD00024,21TI0027,2025-06-15,2.88,46,Memuaskan,Ya
GRD00025,21TI0028,2025-06-07,3.03,46,Sangat Memuaskan,Ya
GRD00026,21TI0029,2025-06-19,2.85,46,Memuaskan,Ya
GRD00027,21TI0030,2025-06-12,2.86,46,Memuaskan,Ya
GRD00028,21TI0031,2025-06-13,2.82,46,Memuaskan,Ya
GRD00029,21TI0032,2025-06-15,3.06,46,Sangat Memuaskan,Ya
GRD00030,21TI0033,2025-06-20,3.12,46,Sangat Memuaskan,Ya
GRD00031,21TI0034,2025-06-14,3.12,46,Sangat Memuaskan,Ya
GRD00032,21TI0035,2025-06-20,3.02,46,Sangat Memuaskan,Ya
GRD00033,21TI0036,2025-06-09,3.11,46,Sangat Memuaskan,Ya
GRD00034,21TI0037,2025-06-08,2.89,46,Memuaskan,Ya
GRD00035,21TI0038,2025-06-13,3.1,47,Sangat Memuaskan,Ya
GRD00036,21TI0042,2025-06-13,3.07,46,Sangat Memuaskan,Ya
GRD00037,21TI0043,2025-06-09,3.01,46,Memuaskan,Ya
GRD00038,21TI0044,2025-06-06,2.52,46,Cukup,Ya
GRD00039,21TI0045,2025-06-10,3.25,46,Sangat Memuaskan,Ya
GRD00040,21TI0046,2025-06-16,2.9,47,Memuaskan,Ya
GRD00041,21TI0047,2025-06-18,3.0,46,Memuaskan,Ya
GRD00042,21TI0048,2025-06-13,2.88,46,Memuaskan,Ya
GRD00043,21TI0049,2025-06-20,2.81,46,Memuaskan,Ya
GRD00044,21TI0050,2025-06-28,2.82,46,Memuaskan,Ya
GRD00045,21TI0051,2025-06-08,3.13,46,Sangat Memuaskan,Ya
GRD00046,21TI0052,2025-06-11,3.09,46,Sangat Memuaskan,Ya
GRD00047,21TI0053,2025-06-10,2.69,46,Cukup,Ya
GRD00048,21TI0057,2025-06-18,2.84,46,Memuaskan,Ya
GRD00049,21TI0059,2025-06-13,2.77,46,Memuaskan,Ya
GRD00050,21TI0060,2025-06-06,3.03,47,Sangat Memuaskan,Ya
GRD00051,21TI0061,2025-06-18,3.07,46,Sangat Memuaskan,Ya
GRD00052,21TI0062,2025-06-07,2.91,46,Memuaskan,Ya
GRD00053,21TI0063,2025-06-14,3.13,46,Sangat Memuaskan,Ya
GRD00054,21TI0064,2025-06-19,2.91,46,Memuaskan,Ya
GRD00055,21TI0065,2025-06-27,2.61,46,Cukup,Ya
GRD00056,21TI0066,2025-06-12,2.73,46,Cukup,Ya
GRD00057,21TI0067,2025-06-05,2.52,46,Cukup,Ya
GRD00058,21TI0068,2025-06-06,2.78,46,Memuaskan,Ya
GRD00059,21TI0070,2025-06-13,3.24,46,Sangat Memuaskan,Ya
GRD00060,21TI0072,2025-06-14,3.0,46,Memuaskan,Ya
GRD00061,21TI0075,2025-06-09,3.14,46,Sangat Memuaskan,Ya
GRD00062,21TI0076,2025-06-07,2.89,46,Memuaskan,Ya
GRD00063,21TI0077,2025-06-25,2.9,46,Memuaskan,Ya
GRD00064,21TI0078,2025-06-25,3.13,46,Sangat Memuaskan,Ya
GRD00065,21TI0080,2025-06-25,2.92,47,Memuaskan,Ya
GRD00066,21TI0081,2025-06-13,3.09,46,Sangat Memuaskan,Ya
GRD00067,21TI0082,2025-06-24,2.89,46,Memuaskan,Ya
GRD00068,21TI0083,2025-06-23,2.93,47,Memuaskan,Ya
GRD00069,21TI0084,2025-06-21,3.1,46,Sangat Memuaskan,Ya
GRD00070,21TI0085,2025-06-20,2.87,46,Memuaskan,Ya
GRD00071,21SI0001,2025-06-23,2.26,46,Cukup,Ya
GRD00072,21SI0002,2025-06-07,2.99,46,Memuaskan,Ya
GRD00073,21SI0003,2025-06-23,3.04,46,Sangat Memuaskan,Ya
GRD00074,21SI0004,2025-06-18,3.16,46,Sangat Memuaskan,Ya
GRD00075,21SI0005,2025-06-13,2.54,46,Cukup,Ya
GRD00076,21SI0006,2025-06-13,2.93,46,Memuaskan,Ya
GRD00077,21SI0011,2025-06-15,2.76,46,Cukup,Ya
GRD00078,21SI0012,2025-06-26,2.89,46,Memuaskan,Ya
GRD00079,21SI0013,2025-06-12,2.75,46,Cukup,Ya
GRD00080,21SI0015,2025-06-10,3.1,47,Sangat Memuaskan,Ya
GRD00081,21SI0016,2025-06-27,2.77,47,Memuaskan,Ya
GRD00082,21SI0017,2025-06-21,3.25,46,Sangat Memuaskan,Ya
GRD00083,21SI0019,2025-06-14,2.87,46,Memuaskan,Ya
GRD00084,21SI0020,2025-06-20,3.24,46,Sangat Memuaskan,Ya
GRD00085,21SI0021,2025-06-06,2.69,46,Cukup,Ya
GRD00086,21SI0023,2025-06-19,3.26,46,Sangat Memuaskan,Ya
GRD00087,21SI0024,2025-06-28,2.72,46,Cukup,Ya
GRD00088,21SI0025,2025-06-26,2.97,46,Memuaskan,Ya
GRD00089,21SI0026,2025-06-13,2.67,46,Cukup,Ya
GRD00090,21SI0027,2025-06-14,3.24,47,Sangat Memuaskan,Ya
GRD00091,21SI0028,2025-06-15,2.95,46,Memuaskan,Ya
GRD00092,21SI0029,2025-06-19,2.88,46,Memuaskan,Ya
GRD00093,21SI0031,2025-06-19,2.98,46,Memuaskan,Ya
GRD00094,21SI0033,2025-06-10,3.13,46,Sangat Memuaskan,Ya
GRD00095,21SI0034,2025-06-12,2.88,46,Memuaskan,Ya
GRD00096,21SI0035,2025-06-14,2.79,46,Memuaskan,Ya
GRD00097,21SI0036,2025-06-05,2.95,46,Memuaskan,Ya
GRD00098,21SI0038,2025-06-07,2.55,46,Cukup,Ya
GRD00099,21SI0039,2025-06-19,2.57,46,Cukup,Ya
GRD00100,21SI0041,2025-06-17,3.07,46,Sangat Memuaskan,Ya
GRD00101,21SI0042,2025-06-10,2.91,46,Memuaskan,Ya
GRD00102,21SI0044,2025-06-15,2.83,46,Memuaskan,Ya
GRD00103,21SI0046,2025-06-07,3.25,46,Sangat Memuaskan,Ya
GRD00104,21SI0047,2025-06-14,3.27,46,Sangat Memuaskan,Ya
GRD00105,21SI0050,2025-06-20,2.88,46,Memuaskan,Ya
GRD00106,21SI0051,2025-06-06,2.78,46,Memuaskan,Ya
GRD00107,21SI0053,2025-06-15,3.12,46,Sangat Memuaskan,Ya
GRD00108,21SI0054,2025-06-07,3.25,46,Sangat Memuaskan,Ya
GRD00109,21SI0055,2025-06-24,3.01,46,Memuaskan,Ya
GRD00110,21SI0056,2025-06-11,3.4,46,Sangat Memuaskan,Ya
GRD00111,21SI0057,2025-06-09,2.9,46,Memuaskan,Ya
GRD00112,21SI0058,2025-06-16,2.87,46,Memuaskan,Ya
GRD00113,21SI0059,2025-06-09,2.85,46,Memuaskan,Ya
GRD00114,21SI0060,2025-06-17,3.09,46,Sangat Memuaskan,Ya
GRD00115,21SI0062,2025-06-21,3.29,46,Sangat Memuaskan,Ya
GRD00116,21SI0064,2025-06-21,3.09,46,Sangat Memuaskan,Ya
GRD00117,21SI0066,2025-06-08,2.84,46,Memuaskan,Ya
GRD00118,21SI0067,2025-06-20,2.8,46,Memuaskan,Ya
GRD00119,21SI0068,2025-06-23,2.74,46,Cukup,Ya
GRD00120,21SI0069,2025-06-17,2.9,46,Memuaskan,Ya
GRD00121,21SI0070,2025-06-08,2.71,46,Cukup,Ya
GRD00122,21SI0072,2025-06-14,2.75,47,Cukup,Ya
GRD00123,21SI0073,2025-06-24,2.93,46,Memuaskan,Ya
GRD00124,21SI0076,2025-06-26,3.27,46,Sangat Memuaskan,Ya
GRD00125,21SI0077,2025-06-14,2.87,47,Memuaskan,Ya
GRD00126,21SI0078,2025-06-28,2.93,46,Memuaskan,Ya
GRD00127,21SI0079,2025-06-22,3.13,46,Sangat Memuaskan,Ya
GRD00128,21SI0080,2025-06-21,2.8,46,Memuaskan,Ya
GRD00129,21SI0081,2025-06-21,2.91,46,Memuaskan,Ya
GRD00130,21IF0001,2025-06-19,3.26,46,Sangat Memuaskan,Ya
GRD00131,21IF0002,2025-06-24,2.97,46,Memuaskan,Ya
GRD00132,21IF0003,2025-06-26,2.65,47,Cukup,Ya
GRD00133,21IF0004,2025-06-28,2.78,47,Memuaskan,Ya
GRD00134,21IF0005,2025-06-12,2.73,46,Cukup,Ya
GRD00135,21IF0006,2025-06-19,2.74,46,Cukup,Ya
GRD00136,21IF0007,2025-06-22,2.93,46,Memuaskan,Ya
GRD00137,21IF0008,2025-06-18,3.31,46,Sangat Memuaskan,Ya
GRD00138,21IF0009,2025-06-13,3.19,46,Sangat Memuaskan,Ya
GRD00139,21IF0010,2025-06-24,3.23,46,Sangat Memuaskan,Ya
GRD00140,21IF0011,2025-06-09,3.23,46,Sangat Memuaskan,Ya
GRD00141,21IF0012,2025-06-26,3.13,46,Sangat Memuaskan,Ya
GRD00142,21IF0013,2025-06-18,2.78,46,Memuaskan,Ya
GRD00143,21IF0014,2025-06-11,3.17,46,Sangat Memuaskan,Ya
GRD00144,21IF0017,2025-06-13,2.99,46,Memuaskan,Ya
GRD00145,21IF0019,2025-06-14,3.25,46,Sangat Memuaskan,Ya
GRD00146,21IF0020,2025-06-16,2.88,46,Memuaskan,Ya
GRD00147,21IF0021,2025-06-16,3.07,46,Sangat Memuaskan,Ya
GRD00148,21IF0022,2025-06-19,2.82,47,Memuaskan,Ya
GRD00149,21IF0023,2025-06-16,2.83,47,Memuaskan,Ya
GRD00150,21IF0026,2025-06-24,2.35,46,Cukup,Ya
GRD00151,21IF0027,2025-06-26,3.11,46,Sangat Memuaskan,Ya
GRD00152,21IF0028,2025-06-25,3.04,46,Sangat Memuaskan,Ya
GRD00153,21IF0029,2025-06-10,3.31,46,Sangat Memuaskan,Ya
GRD00154,21IF0031,2025-06-25,2.59,46,Cukup,Ya
GRD00155,21IF0032,2025-06-18,2.67,46,Cukup,Ya
GRD00156,21IF0033,2025-06-11,2.92,46,Memuaskan,Ya
GRD00157,21IF0034,2025-06-27,3.32,46,Sangat Memuaskan,Ya
GRD00158,21IF0035,2025-06-15,3.11,46,Sangat Memuaskan,Ya
GRD00159,21IF0036,2025-06-05,2.82,46,Memuaskan,Ya
GRD00160,21IF0037,2025-06-25,2.96,46,Memuaskan,Ya
GRD00161,21IF0038,2025-06-28,2.72,46,Cukup,Ya
GRD00162,21IF0039,2025-06-06,3.04,46,Sangat Memuaskan,Ya
GRD00163,21IF0042,2025-06-11,2.95,46,Memuaskan,Ya
GRD00164,21IF0043,2025-06-16,2.76,46,Memuaskan,Ya
GRD00165,21IF0044,2025-06-25,2.47,46,Cukup,Ya
GRD00166,21IF0045,2025-06-25,2.97,46,Memuaskan,Ya
GRD00167,21IF0046,2025-06-08,3.21,46,Sangat Memuaskan,Ya
GRD00168,21IF0047,2025-06-07,2.94,46,Memuaskan,Ya
GRD00169,21IF0048,2025-06-14,3.29,47,Sangat Memuaskan,Ya
GRD00170,21IF0049,2025-06-18,2.8,46,Memuaskan,Ya
GRD00171,21IF0050,2025-06-06,2.68,46,Cukup,Ya
GRD00172,21IF0051,2025-06-12,2.87,47,Memuaskan,Ya
GRD00173,21IF0052,2025-06-13,2.63,46,Cukup,Ya
GRD00174,21IF0054,2025-06-23,2.68,46,Cukup,Ya
GRD00175,21IF0055,2025-06-27,2.63,46,Cukup,Ya
GRD00176,21IF0056,2025-06-09,3.14,46,Sangat Memuaskan,Ya
GRD00177,21IF0057,2025-06-15,3.43,46,Sangat Memuaskan,Ya
GRD00178,21IF0059,2025-06-11,2.98,46,Memuaskan,Ya
GRD00179,21IF0060,2025-06-20,3.23,46,Sangat Memuaskan,Ya
GRD00180,21IF0061,2025-06-24,2.92,46,Memuaskan,Ya
GRD00181,21IF0063,2025-06-27,2.87,46,Memuaskan,Ya
GRD00182,21IF0064,2025-06-16,2.75,46,Cukup,Ya
GRD00183,21IF0066,2025-06-11,2.77,46,Memuaskan,Ya
GRD00184,21IF0067,2025-06-23,2.82,46,Memuaskan,Ya
GRD00185,21IF0068,2025-06-20,2.77,47,Memuaskan,Ya
GRD00186,21IF0069,2025-06-16,2.66,46,Cukup,Ya
GRD00187,21IF0071,2025-06-19,3.04,46,Sangat Memuaskan,Ya
GRD00188,21IF0073,2025-06-09,3.03,46,Sangat Memuaskan,Ya
GRD00189,21IF0074,2025-06-28,2.91,46,Memuaskan,Ya
GRD00190,21IF0075,2025-06-15,2.79,46,Memuaskan,Ya
GRD00191,21IF0076,2025-06-21,2.99,46,Memuaskan,Ya
GRD00192,21IF0077,2025-06-15,3.06,47,Sangat Memuaskan,Ya
GRD00193,21IF0078,2025-06-16,3.11,46,Sangat Memuaskan,Ya
GRD00194,21IF0079,2025-06-22,3.04,46,Sangat Memuaskan,Ya
GRD00195,21IF0080,2025-06-27,2.9,46,Memuaskan,Ya
GRD00196,21IF0081,2025-06-24,2.9,46,Memuaskan,Ya
GRD00197,21IF0082,2025-06-15,2.9,46,Memuaskan,Ya
GRD00198,21IF0084,2025-06-08,2.55,46,Cukup,Ya
GRD00199,21IF0085,2025-06-25,2.6,46,Cukup,Ya
GRD00200,21DS0003,2025-06-08,3.36,46,Sangat Memuaskan,Ya
GRD00201,21DS0004,2025-06-09,3.05,46,Sangat Memuaskan,Ya
GRD00202,21DS0005,2025-06-16,2.96,46,Memuaskan,Ya
GRD00203,21DS0006,2025-06-16,2.79,46,Memuaskan,Ya
GRD00204,21DS0007,2025-06-16,2.95,46,Memuaskan,Ya
GRD00205,21DS0009,2025-06-25,2.74,46,Cukup,Ya
GRD00206,21DS0010,2025-06-07,3.28,46,Sangat Memuaskan,Ya
GRD00207,21DS0012,2025-06-05,3.28,46,Sangat Memuaskan,Ya
GRD00208,21DS0014,2025-06-17,2.95,47,Memuaskan,Ya
GRD00209,21DS0015,2025-06-18,3.1,46,Sangat Memuaskan,Ya
GRD00210,21DS0017,2025-06-09,2.99,46,Memuaskan,Ya
GRD00211,21DS0019,2025-06-09,2.65,46,Cukup,Ya
GRD00212,21DS0020,2025-06-15,2.48,46,Cukup,Ya
GRD00213,21DS0021,2025-06-13,2.83,46,Memuaskan,Ya
GRD00214,21DS0022,2025-06-23,2.76,46,Memuaskan,Ya
GRD00215,21DS0023,2025-06-16,3.13,46,Sangat Memuaskan,Ya
GRD00216,21DS0025,2025-06-14,2.89,46,Memuaskan,Ya
GRD00217,21DS0026,2025-06-11,3.06,46,Sangat Memuaskan,Ya
GRD00218,21DS0027,2025-06-10,2.64,46,Cukup,Ya
GRD00219,21DS0028,2025-06-10,2.95,46,Memuaskan,Ya
GRD00220,21DS0030,2025-06-13,3.06,46,Sangat Memuaskan,Ya
GRD00221,21DS0031,2025-06-17,3.07,46,Sangat Memuaskan,Ya
GRD00222,21DS0032,2025-06-05,2.61,46,Cukup,Ya
GRD00223,21DS0033,2025-06-17,2.84,46,Memuaskan,Ya
GRD00224,21DS0034,2025-06-11,3.31,46,Sangat Memuaskan,Ya
GRD00225,21DS0035,2025-06-17,2.62,46,Cukup,Ya
GRD00226,21DS0037,2025-06-06,2.76,46,Cukup,Ya
GRD00227,21DS0039,2025-06-10,3.36,46,Sangat Memuaskan,Ya
GRD00228,21DS0040,2025-06-19,2.81,46,Memuaskan,Ya
GRD00229,21DS0041,2025-06-23,3.3,46,Sangat Memuaskan,Ya
GRD00230,21DS0043,2025-06-22,3.0,46,Memuaskan,Ya
GRD00231,21DS0044,2025-06-24,2.95,46,Memuaskan,Ya
GRD00232,21DS0046,2025-06-23,2.73,47,Cukup,Ya
GRD00233,21DS0047,2025-06-22,2.68,46,Cukup,Ya
GRD00234,21DS0048,2025-06-28,2.78,46,Memuaskan,Ya
GRD00235,21DS0049,2025-06-14,3.03,47,Sangat Memuaskan,Ya
GRD00236,21DS0051,2025-06-09,3.08,46,Sangat Memuaskan,Ya
GRD00237,21DS0052,2025-06-12,3.06,46,Sangat Memuaskan,Ya
GRD00238,21DS0053,2025-06-05,3.19,47,Sangat Memuaskan,Ya
GRD00239,21DS0054,2025-06-20,2.75,46,Cukup,Ya
GRD00240,21DS0055,2025-06-27,3.29,46,Sangat Memuaskan,Ya
GRD00241,21DS0056,2025-06-11,3.04,46,Sangat Memuaskan,Ya
GRD00242,21DS0057,2025-06-14,3.07,46,Sangat Memuaskan,Ya
GRD00243,21DS0058,2025-06-23,2.86,46,Memuaskan,Ya
GRD00244,21DS0059,2025-06-17,2.93,46,Memuaskan,Ya
GRD00245,21DS0060,2025-06-17,2.83,46,Memuaskan,Ya
GRD00246,21DS0062,2025-06-15,3.32,46,Sangat Memuaskan,Ya
GRD00247,21DS0063,2025-06-19,3.07,46,Sangat Memuaskan,Ya
GRD00248,21DS0064,2025-06-23,3.37,46,Sangat Memuaskan,Ya
GRD00249,21DS0065,2025-06-23,3.43,46,Sangat Memuaskan,Ya
GRD00250,21DS0066,2025-06-20,2.71,46,Cukup,Ya
GRD00251,21DS0067,2025-06-09,2.81,46,Memuaskan,Ya
GRD00252,21TR0001,2025-06-12,2.82,46,Memuaskan,Ya
GRD00253,21TR0002,2025-06-24,2.87,46,Memuaskan,Ya
GRD00254,21TR0003,2025-06-18,3.11,46,Sangat Memuaskan,Ya
GRD00255,21TR0005,2025-06-21,2.77,46,Memuaskan,Ya
GRD00256,21TR0006,2025-06-09,2.99,46,Memuaskan,Ya
GRD00257,21TR0008,2025-06-06,2.74,46,Cukup,Ya
GRD00258,21TR0009,2025-06-10,2.75,47,Cukup,Ya
GRD00259,21TR0011,2025-06-15,2.93,46,Memuaskan,Ya
GRD00260,21TR0012,2025-06-16,2.9,46,Memuaskan,Ya
GRD00261,21TR0015,2025-06-26,2.92,46,Memuaskan,Ya
GRD00262,21TR0017,2025-06-23,2.76,47,Cukup,Ya
GRD00263,21TR0018,2025-06-12,2.99,46,Memuaskan,Ya
GRD00264,21TR0019,2025-06-12,2.63,46,Cukup,Ya
GRD00265,21TR0020,2025-06-10,3.21,46,Sangat Memuaskan,Ya
GRD00266,21TR0022,2025-06-22,2.94,46,Memuaskan,Ya
GRD00267,21TR0028,2025-06-14,3.21,46,Sangat Memuaskan,Ya
GRD00268,21TR0029,2025-06-26,2.93,46,Memuaskan,Ya
GRD00269,21TR0030,2025-06-22,2.75,46,Cukup,Ya
GRD00270,21TR0031,2025-06-22,2.67,46,Cukup,Ya
GRD00271,21TR0032,2025-06-28,3.02,46,Sangat Memuaskan,Ya
GRD00272,21TR0033,2025-06-20,3.01,46,Memuaskan,Ya
GRD00273,21TR0034,2025-06-05,2.63,46,Cukup,Ya
GRD00274,21TR0036,2025-06-20,3.09,46,Sangat Memuaskan,Ya
GRD00275,21TR0037,2025-06-14,3.16,46,Sangat Memuaskan,Ya
GRD00276,21TR0038,2025-06-23,2.76,47,Cukup,Ya
GRD00277,21TR0039,2025-06-26,3.22,46,Sangat Memuaskan,Ya
GRD00278,21TR0040,2025-06-05,2.88,46,Memuaskan,Ya
GRD00279,21TR0041,2025-06-13,3.03,46,Sangat Memuaskan,Ya
GRD00280,21TR0045,2025-06-24,2.72,46,Cukup,Ya
GRD00281,21TR0047,2025-06-10,3.05,46,Sangat Memuaskan,Ya
GRD00282,21TR0050,2025-06-11,3.06,46,Sangat Memuaskan,Ya
GRD00283,21TR0051,2025-06-27,2.62,46,Cukup,Ya
GRD00284,21TR0052,2025-06-24,2.66,47,Cukup,Ya
GRD00285,21TR0053,2025-06-22,2.96,46,Memuaskan,Ya
GRD00286,21TR0054,2025-06-17,2.85,46,Memuaskan,Ya
GRD00287,21TR0055,2025-06-11,2.57,46,Cukup,Ya
GRD00288,21TR0056,2025-06-16,2.83,46,Memuaskan,Ya
GRD00289,21TR0057,2025-06-18,2.72,46,Cukup,Ya
GRD00290,21TR0058,2025-06-20,3.09,47,Sangat Memuaskan,Ya
GRD00291,21TR0059,2025-06-25,3.12,46,Sangat Memuaskan,Ya
GRD00292,21TR0060,2025-06-16,2.73,46,Cukup,Ya
GRD00293,21TR0062,2025-06-07,3.11,47,Sangat Memuaskan,Ya
GRD00294,21TR0063,2025-06-12,3.15,46,Sangat Memuaskan,Ya
GRD00295,21TR0064,2025-06-06,2.55,46,Cukup,Ya
GRD00296,21TR0065,2025-06-07,3.1,47,Sangat Memuaskan,Ya
GRD00297,21BD0001,2025-06-21,2.59,46,Cukup,Ya
GRD00298,21BD0003,2025-06-11,2.88,46,Memuaskan,Ya
GRD00299,21BD0004,2025-06-22,2.37,46,Cukup,Ya
GRD00300,21BD0005,2025-06-27,3.39,47,Sangat Memuaskan,Ya
GRD00301,21BD0006,2025-06-28,2.87,47,Memuaskan,Ya
GRD00302,21BD0007,2025-06-16,2.91,46,Memuaskan,Ya
GRD00303,21BD0009,2025-06-27,3.03,46,Sangat Memuaskan,Ya
GRD00304,21BD0010,2025-06-08,2.83,47,Memuaskan,Ya
GRD00305,21BD0013,2025-06-09,2.82,46,Memuaskan,Ya
GRD00306,21BD0014,2025-06-05,2.93,46,Memuaskan,Ya
GRD00307,21BD0015,2025-06-22,2.5,46,Cukup,Ya
GRD00308,21BD0016,2025-06-09,3.34,46,Sangat Memuaskan,Ya
GRD00309,21BD0017,2025-06-28,2.77,46,Memuaskan,Ya
GRD00310,21BD0018,2025-06-09,2.84,46,Memuaskan,Ya
GRD00311,21BD0021,2025-06-10,2.64,46,Cukup,Ya
GRD00312,21BD0023,2025-06-13,2.78,46,Memuaskan,Ya
GRD00313,21BD0024,2025-06-28,3.01,46,Memuaskan,Ya
GRD00314,21BD0025,2025-06-15,2.72,46,Cukup,Ya
GRD00315,21BD0027,2025-06-09,2.54,46,Cukup,Ya
GRD00316,21BD0028,2025-06-11,2.93,46,Memuaskan,Ya
GRD00317,21BD0029,2025-06-19,2.78,46,Memuaskan,Ya
GRD00318,21BD0030,2025-06-09,2.76,46,Memuaskan,Ya
GRD00319,21BD0031,2025-06-26,2.88,46,Memuaskan,Ya
GRD00320,21BD0033,2025-06-22,2.92,46,Memuaskan,Ya
GRD00321,21BD0034,2025-06-22,3.14,46,Sangat Memuaskan,Ya
GRD00322,21BD0035,2025-06-11,2.72,46,Cukup,Ya
GRD00323,21BD0037,2025-06-15,2.56,46,Cukup,Ya
GRD00324,21BD0038,2025-06-13,2.79,46,Memuaskan,Ya
GRD00325,21BD0039,2025-06-07,2.7,47,Cukup,Ya
GRD00326,21BD0041,2025-06-07,2.78,46,Memuaskan,Ya
GRD00327,21BD0042,2025-06-09,2.49,46,Cukup,Ya
GRD00328,21BD0043,2025-06-12,3.25,46,Sangat Memuaskan,Ya
GRD00329,21BD0044,2025-06-28,3.26,46,Sangat Memuaskan,Ya
GRD00330,21BD0045,2025-06-20,2.75,46,Cukup,Ya
GRD00331,21BD0047,2025-06-14,3.16,47,Sangat Memuaskan,Ya
GRD00332,21BD0048,2025-06-06,2.84,46,Memuaskan,Ya
GRD00333,21BD0049,2025-06-10,2.85,46,Memuaskan,Ya
GRD00334,21BD0050,2025-06-09,2.4,46,Cukup,Ya
GRD00335,21BD0051,2025-06-09,2.92,47,Memuaskan,Ya
GRD00336,21BD0052,2025-06-24,2.84,46,Memuaskan,Ya
GRD00337,21BD0053,2025-06-19,3.05,47,Sangat Memuaskan,Ya
GRD00338,21BD0055,2025-06-23,2.85,46,Memuaskan,Ya
GRD00339,21BD0056,2025-06-05,2.87,46,Memuaskan,Ya
GRD00340,21BD0058,2025-06-24,3.03,46,Sangat Memuaskan,Ya
GRD00341,21BD0060,2025-06-05,2.65,46,Cukup,Ya
GRD00342,21BD0061,2025-06-15,2.61,46,Cukup,Ya
GRD00343,21BD0063,2025-06-23,2.97,46,Memuaskan,Ya
GRD00344,21BD0064,2025-06-07,2.6,46,Cukup,Ya
GRD00345,21BD0065,2025-06-16,2.6,46,Cukup,Ya
GRD00300,21BD0005,2025-06-27,3.39,47,Sangat Memuaskan,Ya
GRD00097,21SI0036,2025-06-05,2.95,46,Memuaskan,Ya
