course_key,kode_mk,nama_mk,kode_prodi,sks,semester_rekomendasi
2001,MKU101,Pendidikan Agama,ALL,2,1
2002,MKU102,Bahasa Indonesia,ALL,2,1
2003,MKU201,Pancasila,ALL,2,2
2004,MKU202,Bahasa Inggris,ALL,2,2
2005,MKU301,Kewarganegaraan,ALL,2,3
2006,MKU302,Statistika,ALL,2,3
2007,MKU401,Kewirausahaan,ALL,2,4
2008,MKU402,Etika Profesi,ALL,2,4
2009,MKU501,Metodologi Penelitian,ALL,2,5
2010,MKU502,Komunikasi Profesional,ALL,2,5
2011,MKU601,Manajemen Proyek,ALL,2,6
2012,MKU602,Literasi Data,ALL,2,6
2013,MKU701,Seminar Proposal,ALL,2,7
2014,MKU702,Magang,ALL,2,7
2015,MKU801,Tugas Akhir,ALL,6,8
2016,MKU802,Seminar Hasil,ALL,2,8
2017,TI101,Dasar Teknologi Informasi,TI,3,1
2018,TI102,Logika Komputasi,TI,3,1
2019,TI103,Pemrograman Dasar,TI,3,1
2020,TI104,Matematika Diskrit,TI,2,1
2021,TI201,Struktur Data,TI,3,2
2022,TI202,Basis Data,TI,3,2
2023,TI203,Jaringan Komputer,TI,3,2
2024,TI204,Sistem Operasi,TI,2,2
2025,TI301,Pemrograman Web,TI,3,3
2026,TI302,Analisis Proses Bisnis,TI,3,3
2027,TI303,Keamanan Informasi,TI,3,3
2028,TI304,Interaksi Manusia Komputer,TI,2,3
2029,TI401,Rekayasa Perangkat Lunak,TI,3,4
2030,TI402,Cloud Computing,TI,3,4
2031,TI403,Integrasi Sistem,TI,3,4
2032,TI404,Data Warehouse,TI,2,4
2033,TI501,Business Intelligence,TI,3,5
2034,TI502,Data Mining,TI,3,5
2035,TI503,Arsitektur Enterprise,TI,3,5
2036,TI504,Manajemen Layanan TI,TI,2,5
2037,TI601,DevOps,TI,3,6
2038,TI602,Audit TI,TI,3,6
2039,TI603,Tata Kelola TI,TI,3,6
2040,TI604,Proyek TI,TI,2,6
2041,TI701,Analitik Bisnis,TI,3,7
2042,TI702,Sistem Terdistribusi,TI,3,7
2043,TI703,Big Data,TI,3,7
2044,TI704,IoT Enterprise,TI,2,7
2045,TI801,Manajemen Data,TI,3,8
2046,TI802,Visualisasi Data,TI,3,8
2047,TI803,Forensik Digital,TI,3,8
2048,TI804,Topik Khusus TI,TI,2,8
2049,SI101,Pengantar Sistem Informasi,SI,3,1
2050,SI102,Logika Sistem,SI,3,1
2051,SI103,Pemrograman Dasar,SI,3,1
2052,SI104,Matematika Bisnis,SI,2,1
2053,SI201,Analisis Sistem,SI,3,2
2054,SI202,Basis Data,SI,3,2
2055,SI203,Jaringan Bisnis,SI,3,2
2056,SI204,Sistem Operasi,SI,2,2
2057,SI301,Pemrograman Web,SI,3,3
2058,SI302,Proses Bisnis,SI,3,3
2059,SI303,Keamanan SI,SI,3,3
2060,SI304,UX Design,SI,2,3
2061,SI401,Rekayasa Sistem Informasi,SI,3,4
2062,SI402,ERP,SI,3,4
2063,SI403,Integrasi Aplikasi,SI,3,4
2064,SI404,Data Warehouse,SI,2,4
2065,SI501,Business Intelligence,SI,3,5
2066,SI502,Data Mining,SI,3,5
2067,SI503,Arsitektur Enterprise,SI,3,5
2068,SI504,Manajemen Proyek SI,SI,2,5
2069,SI601,E-Business,SI,3,6
2070,SI602,Audit SI,SI,3,6
2071,SI603,Tata Kelola SI,SI,3,6
2072,SI604,Proyek SI,SI,2,6
2073,SI701,Analitik Bisnis,SI,3,7
2074,SI702,CRM,SI,3,7
2075,SI703,Big Data Bisnis,SI,3,7
2076,SI704,Sistem Pendukung Keputusan,SI,2,7
2077,SI801,Manajemen Data,SI,3,8
2078,SI802,Visualisasi Bisnis,SI,3,8
2079,SI803,Digital Transformation,SI,3,8
2080,SI804,Topik Khusus SI,SI,2,8
2081,IF101,Dasar Informatika,IF,3,1
2082,IF102,Logika Informatika,IF,3,1
2083,IF103,Algoritma dan Pemrograman,IF,3,1
2084,IF104,Matematika Diskrit,IF,2,1
2085,IF201,Struktur Data,IF,3,2
2086,IF202,Basis Data,IF,3,2
2087,IF203,Jaringan Komputer,IF,3,2
2088,IF204,Sistem Operasi,IF,2,2
2089,IF301,Pemrograman Berorientasi Objek,IF,3,3
2090,IF302,Teori Bahasa dan Automata,IF,3,3
2091,IF303,Keamanan Komputer,IF,3,3
2092,IF304,Grafika Komputer,IF,2,3
2093,IF401,Rekayasa Perangkat Lunak,IF,3,4
2094,IF402,Kecerdasan Buatan,IF,3,4
2095,IF403,Komputasi Awan,IF,3,4
2096,IF404,Data Warehouse,IF,2,4
2097,IF501,Machine Learning,IF,3,5
2098,IF502,Data Mining,IF,3,5
2099,IF503,Pengolahan Citra,IF,3,5
2100,IF504,Pemrograman Mobile,IF,2,5
2101,IF601,Sistem Cerdas,IF,3,6
2102,IF602,Analisis Algoritma,IF,3,6
2103,IF603,Komputasi Paralel,IF,3,6
2104,IF604,Proyek Informatika,IF,2,6
2105,IF701,NLP,IF,3,7
2106,IF702,Computer Vision,IF,3,7
2107,IF703,Big Data,IF,3,7
2108,IF704,IoT,IF,2,7
2109,IF801,Manajemen Data,IF,3,8
2110,IF802,Visualisasi Data,IF,3,8
2111,IF803,Forensik Digital,IF,3,8
2112,IF804,Topik Khusus Informatika,IF,2,8
2113,DS101,Pengantar Sains Data,DS,3,1
2114,DS102,Logika Komputasi,DS,3,1
2115,DS103,Pemrograman Python,DS,3,1
2116,DS104,Kalkulus,DS,2,1
2117,DS201,Struktur Data,DS,3,2
2118,DS202,Basis Data,DS,3,2
2119,DS203,Probabilitas,DS,3,2
2120,DS204,Statistika Dasar,DS,2,2
2121,DS301,Eksplorasi Data,DS,3,3
2122,DS302,Aljabar Linear,DS,3,3
2123,DS303,Data Wrangling,DS,3,3
2124,DS304,Visualisasi Data,DS,2,3
2125,DS401,Rekayasa Data,DS,3,4
2126,DS402,Machine Learning,DS,3,4
2127,DS403,Komputasi Awan,DS,3,4
2128,DS404,Data Warehouse,DS,2,4
2129,DS501,Business Intelligence,DS,3,5
2130,DS502,Data Mining,DS,3,5
2131,DS503,Statistika Multivariat,DS,3,5
2132,DS504,Time Series,DS,2,5
2133,DS601,Deep Learning,DS,3,6
2134,DS602,Optimisasi,DS,3,6
2135,DS603,Big Data,DS,3,6
2136,DS604,Proyek Sains Data,DS,2,6
2137,DS701,NLP,DS,3,7
2138,DS702,Computer Vision,DS,3,7
2139,DS703,MLOps,DS,3,7
2140,DS704,Data Governance,DS,2,7
2141,DS801,Manajemen Data,DS,3,8
2142,DS802,Analitik Spasial,DS,3,8
2143,DS803,Responsible AI,DS,3,8
2144,DS804,Topik Khusus Sains Data,DS,2,8
2145,TR101,Pengantar Rekayasa Komputer,TR,3,1
2146,TR102,Logika Digital,TR,3,1
2147,TR103,Pemrograman Dasar,TR,3,1
2148,TR104,Matematika Teknik,TR,2,1
2149,TR201,Elektronika Dasar,TR,3,2
2150,TR202,Basis Data,TR,3,2
2151,TR203,Jaringan Komputer,TR,3,2
2152,TR204,Sistem Operasi,TR,2,2
2153,TR301,Mikrokontroler,TR,3,3
2154,TR302,Arsitektur Komputer,TR,3,3
2155,TR303,Keamanan Perangkat,TR,3,3
2156,TR304,Sistem Embedded,TR,2,3
2157,TR401,Rekayasa Perangkat Lunak,TR,3,4
2158,TR402,Cloud Computing,TR,3,4
2159,TR403,Integrasi Sistem,TR,3,4
2160,TR404,Data Warehouse,TR,2,4
2161,TR501,Business Intelligence,TR,3,5
2162,TR502,Data Mining,TR,3,5
2163,TR503,Jaringan Sensor,TR,3,5
2164,TR504,IoT,TR,2,5
2165,TR601,Robotika,TR,3,6
2166,TR602,Sistem Waktu Nyata,TR,3,6
2167,TR603,Edge Computing,TR,3,6
2168,TR604,Proyek Rekayasa,TR,2,6
2169,TR701,Analitik IoT,TR,3,7
2170,TR702,Sistem Kendali,TR,3,7
2171,TR703,Big Data,TR,3,7
2172,TR704,Keamanan IoT,TR,2,7
2173,TR801,Manajemen Data,TR,3,8
2174,TR802,Visualisasi Data,TR,3,8
2175,TR803,Forensik Perangkat,TR,3,8
2176,TR804,Topik Khusus Rekayasa,TR,2,8
2177,BD101,Pengantar Bisnis Digital,BD,3,1
2178,BD102,Logika Bisnis,BD,3,1
2179,BD103,Pemrograman Dasar,BD,3,1
2180,BD104,Matematika Bisnis,BD,2,1
2181,BD201,Ekonomi Digital,BD,3,2
2182,BD202,Basis Data,BD,3,2
2183,BD203,Pemasaran Digital,BD,3,2
2184,BD204,Sistem Informasi Bisnis,BD,2,2
2185,BD301,E-Commerce,BD,3,3
2186,BD302,Proses Bisnis,BD,3,3
2187,BD303,Keamanan Transaksi,BD,3,3
2188,BD304,UX Bisnis,BD,2,3
2189,BD401,Rekayasa Sistem Bisnis,BD,3,4
2190,BD402,ERP,BD,3,4
2191,BD403,Integrasi Platform,BD,3,4
2192,BD404,Data Warehouse,BD,2,4
2193,BD501,Business Intelligence,BD,3,5
2194,BD502,Data Mining,BD,3,5
2195,BD503,Analitik Pelanggan,BD,3,5
2196,BD504,Fintech,BD,2,5
2197,BD601,Digital Marketing Analytics,BD,3,6
2198,BD602,Audit Digital,BD,3,6
2199,BD603,Tata Kelola Digital,BD,3,6
2200,BD604,Proyek Bisnis Digital,BD,2,6
2201,BD701,Analitik Bisnis,BD,3,7
2202,BD702,CRM,BD,3,7
2203,BD703,Big Data Bisnis,BD,3,7
2204,BD704,Sistem Pendukung Keputusan,BD,2,7
2205,BD801,Manajemen Data,BD,3,8
2206,BD802,Visualisasi Bisnis,BD,3,8
2207,BD803,Strategi Transformasi Digital,BD,3,8
2208,BD804,Topik Khusus Bisnis Digital,BD,2,8
