student_key,nim,nama,kode_prodi,kota_asal,angkatan,effective_from,effective_to,is_current
1001,21TI0001,Dimas Sari Permatasari,TI,Surabaya,2021,2021-08-01,9999-12-31,Y
1009,21TI0009,Nisa Saputra Mahendra,TI,Banda Aceh,2021,2021-08-01,9999-12-31,Y
1013,21TI0013,Fauzan Hidayat Azzahra,TI,Palembang,2021,2021-08-01,9999-12-31,Y
1014,21TI0014,Rizky Kurniawan Safitri,TI,Surabaya,2021,2021-08-01,9999-12-31,Y
1015,21TI0015,Samuel Utami,TI,Padang,2021,2021-08-01,9999-12-31,Y
1019,21TI0019,Aisyah Purnama Prasetyo,TI,Kendari,2021,2021-08-01,9999-12-31,Y
1020,21TI0020,Raka Anggraini,TI,Medan,2021,2021-08-01,9999-12-31,Y
1022,21TI0022,Nisa Putri,TI,Surabaya,2021,2021-08-01,9999-12-31,Y
1023,21TI0023,Nadia Utami,TI,Banda Aceh,2021,2021-08-01,9999-12-31,Y
1025,21TI0025,Rafi Setiawan,TI,Kendari,2021,2021-08-01,9999-12-31,Y
1027,21TI0027,Nadia Lestari,TI,Mataram,2021,2021-08-01,9999-12-31,Y
1031,21TI0031,Samuel Hakim Hasan,TI,Unaaha,2021,2021-08-01,9999-12-31,Y
1034,21TI0034,Kevin Ananda,TI,Baubau,2021,2021-08-01,9999-12-31,Y
1039,21TI0039,Grace Pratama Safitri,TI,Baubau,2021,2021-08-01,9999-12-31,Y
1041,21TI0041,Aditya Fauzi,TI,Palu,2021,2021-08-01,9999-12-31,Y
1043,21TI0043,Farhan Firmansyah,TI,Surabaya,2021,2021-08-01,9999-12-31,Y
1045,21TI0045,Salma Hidayat Azzahra,TI,Palembang,2021,2021-08-01,9999-12-31,Y
1049,21TI0049,Akbar Febriani Kusuma,TI,Yogyakarta,2021,2021-08-01,9999-12-31,Y
1052,21TI0052,Maya Wijaya Hasan,TI,Banda Aceh,2021,2021-08-01,9999-12-31,Y
1059,21TI0059,Kevin Ananda Nasution,TI,Surabaya,2021,2021-08-01,9999-12-31,Y
1061,21TI0061,Wulan Anggraini Permatasari,TI,Bandung,2021,2021-08-01,9999-12-31,Y
1064,21TI0064,Ilham Wijaya Wardana,TI,Gorontalo,2021,2021-08-01,9999-12-31,Y
1069,21TI0069,Akbar Pratama,TI,Gorontalo,2021,2021-08-01,9999-12-31,Y
1074,21TI0074,Aditya Putra Iskandar,TI,Palembang,2021,2021-08-01,9999-12-31,Y
1085,21TI0085,Anisa Febriani,TI,Baubau,2021,2021-08-01,9999-12-31,Y
1087,21SI0002,Ahmad Utami,SI,Raha,2021,2021-08-01,9999-12-31,Y
1088,21SI0003,Ahmad Maharani,SI,Padang,2021,2021-08-01,9999-12-31,Y
1093,21SI0008,Aulia Putra Wibowo,SI,Yogyakarta,2021,2021-08-01,9999-12-31,Y
1094,21SI0009,Nadia Amelia,SI,Kolaka,2021,2021-08-01,9999-12-31,Y
1095,21SI0010,Zahra Rasyid,SI,Palembang,2021,2021-08-01,9999-12-31,Y
1097,21SI0012,Aisyah Permana Maulida,SI,Palu,2021,2021-08-01,9999-12-31,Y
1117,21SI0032,Zahra Maulana,SI,Palembang,2021,2021-08-01,9999-12-31,Y
1122,21SI0037,Muhammad Rasyid,SI,Mataram,2021,2021-08-01,9999-12-31,Y
1131,21SI0046,Raka Anggraini,SI,Ambon,2021,2021-08-01,9999-12-31,Y
1138,21SI0053,Salma Santoso Wardana,SI,Manado,2021,2021-08-01,9999-12-31,Y
1140,21SI0055,Dimas Kurniawan,SI,Medan,2021,2021-08-01,9999-12-31,Y
1149,21SI0064,Ahmad Ananda,SI,Palembang,2021,2021-08-01,9999-12-31,Y
1150,21SI0065,Vina Putri Mulyani,SI,Unaaha,2021,2021-08-01,9999-12-31,Y
1156,21SI0071,Bima Amelia Hasan,SI,Palembang,2021,2021-08-01,9999-12-31,Y
1160,21SI0075,Bima Ananda Azzahra,SI,Bandung,2021,2021-08-01,9999-12-31,Y
1164,21SI0079,Fajar Setiawan Herlambang,SI,Manado,2021,2021-08-01,2025-12-31,Y
1174,21IF0008,Farhan Hidayat Setiaji,IF,Palu,2021,2021-08-01,9999-12-31,Y
1175,21IF0009,Intan Putri,IF,Baubau,2021,2021-08-01,9999-12-31,Y
1176,21IF0010,Ilham Yusuf Permatasari,IF,Banda Aceh,2021,2021-08-01,9999-12-31,Y
1177,21IF0011,Aditya Wahyuni,IF,Kolaka,2021,2021-08-01,9999-12-31,Y
1181,21IF0015,Nadia Santoso,IF,Kendari,2021,2021-08-01,9999-12-31,Y
1204,21IF0038,Galih Febriani Setiaji,IF,Manado,2021,2021-08-01,9999-12-31,Y
1208,21IF0042,Iqbal Fauzi,IF,Surabaya,2021,2021-08-01,9999-12-31,Y
1210,21IF0044,Taufik Permana Syahputra,IF,Kolaka,2021,2021-08-01,9999-12-31,Y
1224,21IF0058,Tiara Amelia,IF,Banda Aceh,2021,2021-08-01,9999-12-31,Y
1227,21IF0061,Rani Ramadhan Karim,IF,Ambon,2021,2021-08-01,9999-12-31,Y
1232,21IF0066,Raka Ningsih Siregar,IF,Padang,2021,2021-08-01,9999-12-31,Y
1235,21IF0069,Dewi Santoso Susanti,IF,Palembang,2021,2021-08-01,9999-12-31,Y
1238,21IF0072,Tiara Setiawan Syahputra,IF,Gorontalo,2021,2021-08-01,9999-12-31,Y
1245,21IF0079,Ahmad Saputra Herlambang,IF,Semarang,2021,2021-08-01,9999-12-31,Y
1247,21IF0081,Aditya Amelia,IF,Bandung,2021,2021-08-01,9999-12-31,Y
1250,21IF0084,Anisa Permana,IF,Mataram,2021,2021-08-01,9999-12-31,Y
1252,21DS0001,Nabila Firmansyah,DS,Wakatobi,2021,2021-08-01,9999-12-31,Y
1262,21DS0011,Ahmad Firmansyah Herlambang,DS,Palembang,2021,2021-08-01,9999-12-31,Y
1265,21DS0014,Siti Aziz Herlambang,DS,Kendari,2021,2021-08-01,9999-12-31,Y
1270,21DS0019,Aditya Maulana,DS,Palembang,2021,2021-08-01,9999-12-31,Y
1271,21DS0020,Bima Sari Siregar,DS,Kolaka,2021,2021-08-01,9999-12-31,Y
1274,21DS0023,Akbar Permana Syahputra,DS,Semarang,2021,2021-08-01,9999-12-31,Y
1284,21DS0033,Akbar Pratama,DS,Semarang,2021,2021-08-01,9999-12-31,Y
1286,21DS0035,Ahmad Utami Oktaviani,DS,Mataram,2021,2021-08-01,9999-12-31,Y
1290,21DS0039,Alya Saputra Safitri,DS,Surabaya,2021,2021-08-01,9999-12-31,Y
1292,21DS0041,Intan Hidayat Fadillah,DS,Baubau,2021,2021-08-01,9999-12-31,Y
1293,21DS0042,Ahmad Hakim,DS,Palu,2021,2021-08-01,9999-12-31,Y
1295,21DS0044,Raka Utami,DS,Manado,2021,2021-08-01,9999-12-31,Y
1307,21DS0056,Rizky Amelia Sulaiman,DS,Yogyakarta,2021,2021-08-01,9999-12-31,Y
1317,21DS0066,Akbar Setiawan Hermawan,DS,Baubau,2021,2021-08-01,9999-12-31,Y
1324,21TR0006,Samuel Pratama,TR,Wakatobi,2021,2021-08-01,9999-12-31,Y
1328,21TR0010,Zahra Wijaya,TR,Raha,2021,2021-08-01,9999-12-31,Y
1329,21TR0011,Bagas Wijaya Karim,TR,Kolaka,2021,2021-08-01,9999-12-31,Y
1335,21TR0017,Aulia Nugraha,TR,Ambon,2021,2021-08-01,9999-12-31,Y
1341,21TR0023,Salma Kurniawan Halim,TR,Bandung,2021,2021-08-01,9999-12-31,Y
1349,21TR0031,Taufik Maharani Susanti,TR,Ambon,2021,2021-08-01,9999-12-31,Y
1350,21TR0032,Siti Pratama,TR,Raha,2021,2021-08-01,9999-12-31,Y
1354,21TR0036,Iqbal Fauzi,TR,Yogyakarta,2021,2021-08-01,9999-12-31,Y
1355,21TR0037,Raka Permana,TR,Banda Aceh,2021,2021-08-01,9999-12-31,Y
1357,21TR0039,Andi Rasyid Permatasari,TR,Bandung,2021,2021-08-01,9999-12-31,Y
1359,21TR0041,Grace Wijaya Wibowo,TR,Gorontalo,2021,2021-08-01,9999-12-31,Y
1360,21TR0042,Rani Saputra Permatasari,TR,Palu,2021,2021-08-01,9999-12-31,Y
1364,21TR0046,Samuel Firmansyah,TR,Banda Aceh,2021,2021-08-01,9999-12-31,Y
1366,21TR0048,Nadia Anggraini Gunawan,TR,Raha,2021,2021-08-01,9999-12-31,Y
1367,21TR0049,Bagas Anggraini,TR,Kendari,2021,2021-08-01,9999-12-31,Y
1369,21TR0051,Wulan Nugraha Hasan,TR,Kolaka,2021,2021-08-01,9999-12-31,Y
1370,21TR0052,Iqbal Ananda Rahmawati,TR,Makassar,2021,2021-08-01,9999-12-31,Y
1374,21TR0056,Hafiz Saputra Susanti,TR,Yogyakarta,2021,2021-08-01,9999-12-31,Y
1380,21TR0062,Yoga Rasyid,TR,Kolaka,2021,2021-08-01,9999-12-31,Y
1381,21TR0063,Rafi Nugraha Setiaji,TR,Mataram,2021,2021-08-01,9999-12-31,Y
1388,21BD0005,Raka Ningsih Wardana,BD,Palembang,2021,2021-08-01,9999-12-31,Y
1394,21BD0011,Nadia Sari Herlambang,BD,Banda Aceh,2021,2021-08-01,9999-12-31,Y
1395,21BD0012,Syifa Amelia Rahmawati,BD,Gorontalo,2021,2021-08-01,9999-12-31,Y
1397,21BD0014,Salma Wijaya,BD,Banda Aceh,2021,2021-08-01,9999-12-31,Y
1400,21BD0017,Samuel Setiawan Siregar,BD,Ambon,2021,2021-08-01,9999-12-31,Y
1402,21BD0019,Nur Maulana,BD,Manado,2021,2021-08-01,9999-12-31,Y
1403,21BD0020,Nabila Amelia,BD,Mataram,2021,2021-08-01,9999-12-31,Y
1411,21BD0028,Alya Utami Mulyani,BD,Mataram,2021,2021-08-01,9999-12-31,Y
1423,21BD0040,Dimas Utami,BD,Kolaka,2021,2021-08-01,9999-12-31,Y
1426,21BD0043,Nadia Setiawan Iskandar,BD,Makassar,2021,2021-08-01,9999-12-31,Y
1436,21BD0053,Rizky Lestari Permatasari,BD,Yogyakarta,2021,2021-08-01,9999-12-31,Y
1441,21BD0058,Galih Anggraini,BD,Surabaya,2021,2021-08-01,9999-12-31,Y
1456,22TI0006,Dimas Setiawan Prasetyo,TI,Gorontalo,2022,2021-08-01,9999-12-31,Y
1461,22TI0011,Nabila Lestari,TI,Raha,2022,2021-08-01,9999-12-31,Y
1462,22TI0012,Samuel Ramadhan,TI,Unaaha,2022,2021-08-01,9999-12-31,Y
1466,22TI0016,Dian Aziz,TI,Gorontalo,2022,2021-08-01,9999-12-31,Y
1467,22TI0017,Rizky Permana Nugroho,TI,Mataram,2022,2021-08-01,9999-12-31,Y
1473,22TI0023,Fajar Rasyid,TI,Palembang,2022,2021-08-01,9999-12-31,Y
1474,22TI0024,Yoga Nugraha,TI,Makassar,2022,2021-08-01,9999-12-31,Y
1478,22TI0028,Raka Kurniawan Herlambang,TI,Palu,2022,2021-08-01,9999-12-31,Y
1481,22TI0031,Tiara Santoso,TI,Gorontalo,2022,2021-08-01,9999-12-31,Y
1486,22TI0036,Akbar Setiawan Wardana,TI,Surabaya,2022,2021-08-01,9999-12-31,Y
1491,22TI0041,Akbar Ningsih Mulyani,TI,Makassar,2022,2021-08-01,9999-12-31,Y
1507,22TI0057,Reza Rasyid Gunawan,TI,Unaaha,2022,2021-08-01,9999-12-31,Y
1509,22TI0059,Rafi Hidayat,TI,Makassar,2022,2021-08-01,9999-12-31,Y
1525,22TI0075,Aditya Fauzi,TI,Semarang,2022,2021-08-01,9999-12-31,Y
1526,22TI0076,Dewi Putri Permatasari,TI,Unaaha,2022,2021-08-01,9999-12-31,Y
1528,22TI0078,Aisyah Lestari Setiaji,TI,Semarang,2022,2021-08-01,9999-12-31,Y
1540,22TI0090,Muhammad Firmansyah Mulyani,TI,Palembang,2022,2021-08-01,9999-12-31,Y
1541,22SI0001,Muhammad Utami Mulyani,SI,Unaaha,2022,2021-08-01,9999-12-31,Y
1544,22SI0004,Nisa Utami,SI,Padang,2022,2021-08-01,9999-12-31,Y
1551,22SI0011,Fitri Sari Wibowo,SI,Gorontalo,2022,2021-08-01,9999-12-31,Y
1555,22SI0015,Aulia Kurniawan,SI,Wakatobi,2022,2021-08-01,9999-12-31,Y
1557,22SI0017,Iqbal Sari Herlambang,SI,Medan,2022,2021-08-01,9999-12-31,Y
1560,22SI0020,Akbar Lestari Sulaiman,SI,Palembang,2022,2021-08-01,9999-12-31,Y
1561,22SI0021,Aisyah Saputra Gunawan,SI,Banda Aceh,2022,2021-08-01,9999-12-31,Y
1563,22SI0023,Grace Setiawan Setiaji,SI,Kendari,2022,2021-08-01,9999-12-31,Y
1564,22SI0024,Kevin Utami Siregar,SI,Palu,2022,2021-08-01,9999-12-31,Y
1568,22SI0028,Kevin Pratama Wibowo,SI,Padang,2022,2021-08-01,9999-12-31,Y
1570,22SI0030,Kevin Saputra Wibowo,SI,Bandung,2022,2021-08-01,9999-12-31,Y
1576,22SI0036,Rani Ningsih,SI,Gorontalo,2022,2021-08-01,9999-12-31,Y
1584,22SI0044,Nabila Firmansyah,SI,Makassar,2022,2021-08-01,9999-12-31,Y
1586,22SI0046,Galih Rasyid Gunawan,SI,Wakatobi,2022,2021-08-01,9999-12-31,Y
1587,22SI0047,Siti Firmansyah Kusuma,SI,Gorontalo,2022,2021-08-01,9999-12-31,Y
1588,22SI0048,Rafi Utami Karim,SI,Medan,2022,2021-08-01,9999-12-31,Y
1589,22SI0049,Dian Ramadhan Wardana,SI,Baubau,2022,2021-08-01,9999-12-31,Y
1592,22SI0052,Alya Purnama,SI,Bandung,2022,2021-08-01,9999-12-31,Y
1593,22SI0053,Aditya Yusuf,SI,Medan,2022,2021-08-01,9999-12-31,Y
1597,22SI0057,Dewi Maulana Azzahra,SI,Palembang,2022,2021-08-01,9999-12-31,Y
1598,22SI0058,Tiara Ramadhan Fadillah,SI,Medan,2022,2021-08-01,9999-12-31,Y
1603,22SI0063,Akbar Wijaya,SI,Ambon,2022,2021-08-01,9999-12-31,Y
1610,22SI0070,Nabila Purnama,SI,Unaaha,2022,2021-08-01,9999-12-31,Y
1616,22SI0076,Wulan Putri Kurniadi,SI,Gorontalo,2022,2021-08-01,9999-12-31,Y
1623,22SI0083,Taufik Yusuf Nugroho,SI,Unaaha,2022,2021-08-01,9999-12-31,Y
1631,22IF0006,Anisa Wahyuni,IF,Medan,2022,2021-08-01,9999-12-31,Y
1632,22IF0007,Syifa Pratama Gunawan,IF,Ambon,2022,2021-08-01,9999-12-31,Y
1633,22IF0008,Ilham Sari Rahmawati,IF,Semarang,2022,2021-08-01,9999-12-31,Y
1637,22IF0012,Fitri Purnama,IF,Kendari,2022,2021-08-01,9999-12-31,Y
1642,22IF0017,Vina Hakim Kusuma,IF,Gorontalo,2022,2021-08-01,9999-12-31,Y
1656,22IF0031,Rizky Febriani,IF,Bandung,2022,2021-08-01,9999-12-31,Y
1661,22IF0036,Andi Santoso Mulyani,IF,Medan,2022,2021-08-01,9999-12-31,Y
1665,22IF0040,Fauzan Lestari,IF,Padang,2022,2021-08-01,9999-12-31,Y
1668,22IF0043,Intan Nugraha,IF,Unaaha,2022,2021-08-01,9999-12-31,Y
1673,22IF0048,Farhan Kurniawan,IF,Yogyakarta,2022,2021-08-01,9999-12-31,Y
1674,22IF0049,Tiara Yusuf Oktaviani,IF,Raha,2022,2021-08-01,9999-12-31,Y
1675,22IF0050,Syifa Febriani Wibowo,IF,Ambon,2022,2021-08-01,9999-12-31,Y
1676,22IF0051,Galih Santoso Azzahra,IF,Bandung,2022,2021-08-01,9999-12-31,Y
1677,22IF0052,Rina Aziz Melati,IF,Padang,2022,2021-08-01,9999-12-31,Y
1679,22IF0054,Nur Lestari Setiaji,IF,Wakatobi,2022,2021-08-01,9999-12-31,Y
1685,22IF0060,Hafiz Hidayat,IF,Padang,2022,2021-08-01,9999-12-31,Y
1687,22IF0062,Kevin Pratama Mulyani,IF,Kendari,2022,2021-08-01,9999-12-31,Y
1690,22IF0065,Fitri Maharani,IF,Surabaya,2022,2021-08-01,9999-12-31,Y
1691,22IF0066,Wulan Sari Mulyani,IF,Surabaya,2022,2021-08-01,9999-12-31,Y
1693,22IF0068,Kevin Ananda Nugroho,IF,Wakatobi,2022,2021-08-01,9999-12-31,Y
1695,22IF0070,Arif Sari,IF,Wakatobi,2022,2021-08-01,9999-12-31,Y
1699,22IF0074,Zahra Fauzi,IF,Semarang,2022,2021-08-01,9999-12-31,Y
1700,22IF0075,Maya Wijaya Herlambang,IF,Palu,2022,2021-08-01,9999-12-31,Y
1703,22IF0078,Fajar Ananda Gunawan,IF,Makassar,2022,2021-08-01,9999-12-31,Y
1705,22IF0080,Fauzan Pratama Sulaiman,IF,Semarang,2022,2021-08-01,9999-12-31,Y
1707,22IF0082,Rina Yusuf Nasution,IF,Palu,2022,2021-08-01,9999-12-31,Y
1708,22IF0083,Farhan Saputra,IF,Banda Aceh,2022,2021-08-01,9999-12-31,Y
1709,22IF0084,Rani Nugraha Wibowo,IF,Yogyakarta,2022,2021-08-01,9999-12-31,Y
1713,22IF0088,Fitri Putri,IF,Baubau,2022,2021-08-01,9999-12-31,Y
1717,22DS0002,Bagas Febriani Rahmawati,DS,Medan,2022,2021-08-01,9999-12-31,Y
1718,22DS0003,Bima Maulana Sulaiman,DS,Banda Aceh,2022,2021-08-01,9999-12-31,Y
1719,22DS0004,Vina Putra Setiaji,DS,Gorontalo,2022,2021-08-01,9999-12-31,Y
1728,22DS0013,Kevin Setiawan Mahendra,DS,Medan,2022,2021-08-01,9999-12-31,Y
1746,22DS0031,Fajar Putra,DS,Surabaya,2022,2021-08-01,9999-12-31,Y
1762,22DS0047,Salma Hakim,DS,Medan,2022,2021-08-01,9999-12-31,Y
1763,22DS0048,Rani Maulana,DS,Bandung,2022,2021-08-01,9999-12-31,Y
1764,22DS0049,Intan Amelia Kurniadi,DS,Kolaka,2022,2021-08-01,9999-12-31,Y
1772,22DS0057,Hafiz Ananda Hasan,DS,Mataram,2022,2021-08-01,9999-12-31,Y
1774,22DS0059,Zahra Rasyid Oktaviani,DS,Padang,2022,2021-08-01,9999-12-31,Y
1777,22DS0062,Andi Saputra Nugroho,DS,Bandung,2022,2021-08-01,9999-12-31,Y
1778,22DS0063,Nabila Santoso,DS,Palu,2022,2021-08-01,9999-12-31,Y
1779,22DS0064,Muhammad Anggraini,DS,Banda Aceh,2022,2021-08-01,9999-12-31,Y
1780,22DS0065,Aditya Pratama,DS,Ambon,2022,2021-08-01,9999-12-31,Y
1781,22DS0066,Fitri Putri Prasetyo,DS,Kendari,2022,2021-08-01,9999-12-31,Y
1783,22DS0068,Dian Permana,DS,Surabaya,2022,2021-08-01,9999-12-31,Y
1786,22DS0071,Aisyah Putra,DS,Bandung,2022,2021-08-01,9999-12-31,Y
1790,22TR0004,Dian Aziz,TR,Palembang,2022,2021-08-01,9999-12-31,Y
1795,22TR0009,Grace Lestari,TR,Palembang,2022,2021-08-01,9999-12-31,Y
1797,22TR0011,Intan Utami Prasetyo,TR,Medan,2022,2021-08-01,9999-12-31,Y
1799,22TR0013,Dewi Anggraini Siregar,TR,Kendari,2022,2021-08-01,9999-12-31,Y
1800,22TR0014,Fajar Maharani,TR,Unaaha,2022,2021-08-01,9999-12-31,Y
1802,22TR0016,Intan Hidayat Karim,TR,Yogyakarta,2022,2021-08-01,9999-12-31,Y
1803,22TR0017,Kevin Anggraini,TR,Makassar,2022,2021-08-01,9999-12-31,Y
1805,22TR0019,Reza Ananda Mulyani,TR,Ambon,2022,2021-08-01,9999-12-31,Y
1807,22TR0021,Rafi Maulana,TR,Palembang,2022,2021-08-01,9999-12-31,Y
1811,22TR0025,Aulia Sari,TR,Yogyakarta,2022,2021-08-01,9999-12-31,Y
1814,22TR0028,Arif Setiawan Mahendra,TR,Semarang,2022,2021-08-01,9999-12-31,Y
1816,22TR0030,Intan Purnama,TR,Gorontalo,2022,2021-08-01,9999-12-31,Y
1821,22TR0035,Aditya Maulana,TR,Raha,2022,2021-08-01,9999-12-31,Y
1823,22TR0037,Grace Nugraha Gunawan,TR,Wakatobi,2022,2021-08-01,9999-12-31,Y
1828,22TR0042,Andi Wahyuni,TR,Makassar,2022,2021-08-01,9999-12-31,Y
1830,22TR0044,Alya Santoso Pamungkas,TR,Ambon,2022,2021-08-01,9999-12-31,Y
1834,22TR0048,Zahra Fauzi Fadillah,TR,Medan,2022,2021-08-01,9999-12-31,Y
1835,22TR0049,Galih Pratama Iskandar,TR,Banda Aceh,2022,2021-08-01,9999-12-31,Y
1844,22TR0058,Arif Ningsih,TR,Manado,2022,2021-08-01,9999-12-31,Y
1848,22TR0062,Rafi Febriani,TR,Kendari,2022,2021-08-01,9999-12-31,Y
1872,22BD0018,Kevin Rasyid Fadillah,BD,Banda Aceh,2022,2021-08-01,9999-12-31,Y
1874,22BD0020,Andi Hidayat Syahputra,BD,Palu,2022,2021-08-01,9999-12-31,Y
1876,22BD0022,Syifa Nugraha,BD,Semarang,2022,2021-08-01,9999-12-31,Y
1879,22BD0025,Lukman Yusuf Rahmawati,BD,Padang,2022,2021-08-01,9999-12-31,Y
1884,22BD0030,Zahra Ananda,BD,Medan,2022,2021-08-01,9999-12-31,Y
1886,22BD0032,Kevin Putri Hermawan,BD,Yogyakarta,2022,2021-08-01,9999-12-31,Y
1890,22BD0036,Nur Rasyid Pamungkas,BD,Raha,2022,2021-08-01,9999-12-31,Y
1897,22BD0043,Andi Rasyid,BD,Makassar,2022,2021-08-01,9999-12-31,Y
1901,22BD0047,Rina Maharani Safitri,BD,Unaaha,2022,2021-08-01,9999-12-31,Y
1917,22BD0063,Dimas Putra,BD,Padang,2022,2021-08-01,9999-12-31,Y
1922,22BD0068,Taufik Ananda Setiaji,BD,Gorontalo,2022,2021-08-01,9999-12-31,Y
1937,23TI0012,Bagas Putri Kusuma,TI,Gorontalo,2023,2021-08-01,9999-12-31,Y
1938,23TI0013,Nabila Kurniawan,TI,Gorontalo,2023,2021-08-01,9999-12-31,Y
1940,23TI0015,Nisa Fauzi Fadillah,TI,Semarang,2023,2021-08-01,9999-12-31,Y
1942,23TI0017,Reza Kurniawan Kurniadi,TI,Kendari,2023,2021-08-01,9999-12-31,Y
1945,23TI0020,Salma Nugraha,TI,Unaaha,2023,2021-08-01,9999-12-31,Y
1959,23TI0034,Zahra Firmansyah Susanti,TI,Unaaha,2023,2021-08-01,9999-12-31,Y
1961,23TI0036,Galih Hakim,TI,Palembang,2023,2021-08-01,9999-12-31,Y
1975,23TI0050,Dian Setiawan Kurniadi,TI,Ambon,2023,2021-08-01,9999-12-31,Y
1978,23TI0053,Bima Maulana,TI,Surabaya,2023,2021-08-01,9999-12-31,Y
1986,23TI0061,Kevin Ramadhan,TI,Medan,2023,2021-08-01,9999-12-31,Y
1991,23TI0066,Fajar Amelia Mahendra,TI,Kendari,2023,2021-08-01,9999-12-31,Y
1995,23TI0070,Farhan Fauzi,TI,Kolaka,2023,2021-08-01,9999-12-31,Y
1997,23TI0072,Ahmad Hidayat Nugroho,TI,Manado,2023,2021-08-01,9999-12-31,Y
2004,23TI0079,Alya Rasyid,TI,Medan,2023,2021-08-01,9999-12-31,Y
2008,23TI0083,Bagas Hakim Kurniadi,TI,Raha,2023,2021-08-01,9999-12-31,Y
2012,23TI0087,Anisa Anggraini,TI,Palembang,2023,2021-08-01,9999-12-31,Y
2015,23TI0090,Kevin Anggraini Oktaviani,TI,Ambon,2023,2021-08-01,9999-12-31,Y
2023,23SI0003,Rizky Ningsih Prasetyo,SI,Bandung,2023,2021-08-01,9999-12-31,Y
2027,23SI0007,Galih Rasyid Wibowo,SI,Medan,2023,2021-08-01,9999-12-31,Y
2037,23SI0017,Anisa Maulana Mulyani,SI,Baubau,2023,2021-08-01,9999-12-31,Y
2038,23SI0018,Dian Ramadhan Melati,SI,Makassar,2023,2021-08-01,9999-12-31,Y
2041,23SI0021,Dian Aziz Prasetyo,SI,Kolaka,2023,2021-08-01,9999-12-31,Y
2043,23SI0023,Anisa Ningsih Hermawan,SI,Yogyakarta,2023,2021-08-01,9999-12-31,Y
2047,23SI0027,Fauzan Fauzi,SI,Mataram,2023,2021-08-01,9999-12-31,Y
2050,23SI0030,Galih Maharani Hasan,SI,Yogyakarta,2023,2021-08-01,9999-12-31,Y
2052,23SI0032,Raka Ningsih Oktaviani,SI,Makassar,2023,2021-08-01,9999-12-31,Y
2056,23SI0036,Raka Purnama Pamungkas,SI,Banda Aceh,2023,2021-08-01,9999-12-31,Y
2059,23SI0039,Iqbal Maulana,SI,Kendari,2023,2021-08-01,9999-12-31,Y
2065,23SI0045,Vina Wijaya Siregar,SI,Padang,2023,2021-08-01,9999-12-31,Y
2066,23SI0046,Nur Maulana Syahputra,SI,Mataram,2023,2021-08-01,9999-12-31,Y
2070,23SI0050,Vina Setiawan Setiaji,SI,Manado,2023,2021-08-01,9999-12-31,Y
2071,23SI0051,Reza Rasyid,SI,Mataram,2023,2021-08-01,9999-12-31,Y
2073,23SI0053,Aditya Febriani Nasution,SI,Medan,2023,2021-08-01,9999-12-31,Y
2077,23SI0057,Rafi Permana Maulida,SI,Raha,2023,2021-08-01,9999-12-31,Y
2078,23SI0058,Siti Santoso Nugroho,SI,Palu,2023,2021-08-01,9999-12-31,Y
2081,23SI0061,Yoga Wijaya Nasution,SI,Raha,2023,2021-08-01,9999-12-31,Y
2083,23SI0063,Zahra Firmansyah Safitri,SI,Baubau,2023,2021-08-01,9999-12-31,Y
2088,23SI0068,Taufik Putra,SI,Unaaha,2023,2021-08-01,9999-12-31,Y
2091,23SI0071,Tiara Wijaya Fadillah,SI,Mataram,2023,2021-08-01,9999-12-31,Y
2092,23SI0072,Wulan Aziz Karim,SI,Bandung,2023,2021-08-01,9999-12-31,Y
2095,23SI0075,Aulia Maulana,SI,Bandung,2023,2021-08-01,9999-12-31,Y
2098,23SI0078,Rina Maulana,SI,Raha,2023,2021-08-01,9999-12-31,Y
2099,23SI0079,Vina Putri Sulaiman,SI,Manado,2023,2021-08-01,9999-12-31,Y
2103,23SI0083,Hafiz Aziz,SI,Kendari,2023,2021-08-01,9999-12-31,Y
2104,23SI0084,Maya Ningsih Kurniadi,SI,Kolaka,2023,2021-08-01,9999-12-31,Y
2106,23SI0086,Lukman Utami Hermawan,SI,Yogyakarta,2023,2021-08-01,9999-12-31,Y
2107,23SI0087,Nabila Pratama Melati,SI,Semarang,2023,2021-08-01,9999-12-31,Y
2109,23SI0089,Fitri Pratama Hasan,SI,Surabaya,2023,2021-08-01,9999-12-31,Y
2110,23SI0090,Galih Maulana Herlambang,SI,Palu,2023,2021-08-01,9999-12-31,Y
2117,23IF0007,Rafi Setiawan Pamungkas,IF,Kolaka,2023,2021-08-01,9999-12-31,Y
2125,23IF0015,Nabila Kurniawan Kurniadi,IF,Gorontalo,2023,2021-08-01,9999-12-31,Y
2126,23IF0016,Aulia Amelia,IF,Ambon,2023,2021-08-01,9999-12-31,Y
2130,23IF0020,Samuel Anggraini Mulyani,IF,Baubau,2023,2021-08-01,9999-12-31,Y
2132,23IF0022,Siti Lestari Wardana,IF,Palembang,2023,2021-08-01,9999-12-31,Y
2133,23IF0023,Lukman Putri,IF,Bandung,2023,2021-08-01,9999-12-31,Y
2139,23IF0029,Fajar Firmansyah,IF,Kendari,2023,2021-08-01,9999-12-31,Y
2140,23IF0030,Galih Febriani Mulyani,IF,Semarang,2023,2021-08-01,9999-12-31,Y
2148,23IF0038,Taufik Hidayat,IF,Manado,2023,2021-08-01,9999-12-31,Y
2149,23IF0039,Dimas Saputra,IF,Kendari,2023,2021-08-01,9999-12-31,Y
2155,23IF0045,Ilham Yusuf,IF,Palembang,2023,2021-08-01,9999-12-31,Y
2175,23IF0065,Alya Ananda,IF,Palu,2023,2021-08-01,9999-12-31,Y
2178,23IF0068,Aulia Nugraha,IF,Semarang,2023,2021-08-01,9999-12-31,Y
2179,23IF0069,Akbar Permana,IF,Unaaha,2023,2021-08-01,9999-12-31,Y
2182,23IF0072,Maya Saputra,IF,Palu,2023,2021-08-01,9999-12-31,Y
2189,23IF0079,Muhammad Amelia Siregar,IF,Wakatobi,2023,2021-08-01,9999-12-31,Y
2191,23IF0081,Lukman Wahyuni,IF,Makassar,2023,2021-08-01,9999-12-31,Y
2196,23IF0086,Iqbal Sari,IF,Baubau,2023,2021-08-01,9999-12-31,Y
2200,23IF0090,Galih Pratama,IF,Palu,2023,2021-08-01,9999-12-31,Y
2208,23DS0003,Kevin Hakim,DS,Banda Aceh,2023,2021-08-01,9999-12-31,Y
2209,23DS0004,Lukman Kurniawan Nasution,DS,Baubau,2023,2021-08-01,9999-12-31,Y
2210,23DS0005,Andi Hidayat Nasution,DS,Yogyakarta,2023,2021-08-01,9999-12-31,Y
2212,23DS0007,Fauzan Santoso,DS,Kendari,2023,2021-08-01,9999-12-31,Y
2213,23DS0008,Aulia Permana Sulaiman,DS,Kolaka,2023,2021-08-01,9999-12-31,Y
2214,23DS0009,Rafi Santoso,DS,Unaaha,2023,2021-08-01,9999-12-31,Y
2222,23DS0017,Maya Ramadhan Susanti,DS,Palu,2023,2021-08-01,9999-12-31,Y
2224,23DS0019,Bima Ramadhan Karim,DS,Palembang,2023,2021-08-01,9999-12-31,Y
2231,23DS0026,Reza Pratama Nasution,DS,Semarang,2023,2021-08-01,9999-12-31,Y
2239,23DS0034,Putri Wahyuni Permatasari,DS,Makassar,2023,2021-08-01,9999-12-31,Y
2243,23DS0038,Zahra Purnama,DS,Palu,2023,2021-08-01,9999-12-31,Y
2244,23DS0039,Nur Firmansyah Kurniadi,DS,Palembang,2023,2021-08-01,9999-12-31,Y
2248,23DS0043,Lukman Maulana Hasan,DS,Raha,2023,2021-08-01,9999-12-31,Y
2250,23DS0045,Iqbal Amelia Maulida,DS,Mataram,2023,2021-08-01,9999-12-31,Y
2261,23DS0056,Taufik Sari Syahputra,DS,Medan,2023,2021-08-01,9999-12-31,Y
2266,23DS0061,Rahmat Maharani,DS,Mataram,2023,2021-08-01,9999-12-31,Y
2267,23DS0062,Hafiz Fauzi,DS,Wakatobi,2023,2021-08-01,9999-12-31,Y
2274,23DS0069,Anisa Febriani Sulaiman,DS,Medan,2023,2021-08-01,9999-12-31,Y
2276,23DS0071,Rani Ramadhan,DS,Bandung,2023,2021-08-01,9999-12-31,Y
2279,23DS0074,Rina Ningsih,DS,Unaaha,2023,2021-08-01,9999-12-31,Y
2281,23TR0001,Aulia Febriani Kurniadi,TR,Makassar,2023,2021-08-01,9999-12-31,Y
2290,23TR0010,Lukman Firmansyah,TR,Mataram,2023,2021-08-01,9999-12-31,Y
2292,23TR0012,Vina Purnama,TR,Gorontalo,2023,2021-08-01,9999-12-31,Y
2295,23TR0015,Andi Aziz,TR,Wakatobi,2023,2021-08-01,9999-12-31,Y
2297,23TR0017,Nabila Wahyuni,TR,Raha,2023,2021-08-01,9999-12-31,Y
2299,23TR0019,Yoga Lestari,TR,Gorontalo,2023,2021-08-01,9999-12-31,Y
2310,23TR0030,Hafiz Maharani Wibowo,TR,Kendari,2023,2021-08-01,9999-12-31,Y
2311,23TR0031,Intan Ananda,TR,Palu,2023,2021-08-01,9999-12-31,Y
2314,23TR0034,Galih Rasyid,TR,Makassar,2023,2021-08-01,9999-12-31,Y
2318,23TR0038,Putri Utami,TR,Surabaya,2023,2021-08-01,9999-12-31,Y
2320,23TR0040,Hafiz Putri Kusuma,TR,Padang,2023,2021-08-01,9999-12-31,Y
2322,23TR0042,Zahra Febriani Rahmawati,TR,Palembang,2023,2021-08-01,9999-12-31,Y
2324,23TR0044,Yoga Ningsih Azzahra,TR,Padang,2023,2021-08-01,9999-12-31,Y
2325,23TR0045,Aditya Ningsih Kusuma,TR,Gorontalo,2023,2021-08-01,9999-12-31,Y
2328,23TR0048,Syifa Ramadhan Siregar,TR,Semarang,2023,2021-08-01,9999-12-31,Y
2329,23TR0049,Muhammad Nugraha Halim,TR,Palembang,2023,2021-08-01,9999-12-31,Y
2335,23TR0055,Grace Ningsih Prasetyo,TR,Yogyakarta,2023,2021-08-01,9999-12-31,Y
2337,23TR0057,Ilham Ramadhan Halim,TR,Padang,2023,2021-08-01,9999-12-31,Y
2339,23TR0059,Hafiz Yusuf Safitri,TR,Mataram,2023,2021-08-01,9999-12-31,Y
2340,23TR0060,Galih Putri,TR,Kendari,2023,2021-08-01,9999-12-31,Y
2342,23TR0062,Intan Setiawan Nugroho,TR,Manado,2023,2021-08-01,9999-12-31,Y
2346,23TR0066,Iqbal Fauzi,TR,Wakatobi,2023,2021-08-01,9999-12-31,Y
2348,23TR0068,Syifa Maharani Maulida,TR,Surabaya,2023,2021-08-01,9999-12-31,Y
2352,23BD0002,Fitri Wahyuni Iskandar,BD,Kendari,2023,2021-08-01,9999-12-31,Y
2367,23BD0017,Fajar Nugraha,BD,Gorontalo,2023,2021-08-01,9999-12-31,Y
2368,23BD0018,Vina Hidayat Permatasari,BD,Kendari,2023,2021-08-01,9999-12-31,Y
2370,23BD0020,Aditya Aziz Wardana,BD,Kolaka,2023,2021-08-01,9999-12-31,Y
2374,23BD0024,Kevin Rasyid Wardana,BD,Kendari,2023,2021-08-01,9999-12-31,Y
2382,23BD0032,Ilham Hidayat Maulida,BD,Kolaka,2023,2021-08-01,9999-12-31,Y
2387,23BD0037,Arif Maulana Permatasari,BD,Baubau,2023,2021-08-01,9999-12-31,Y
2389,23BD0039,Rahmat Permana,BD,Unaaha,2023,2021-08-01,9999-12-31,Y
2395,23BD0045,Dimas Fauzi Syahputra,BD,Padang,2023,2021-08-01,9999-12-31,Y
2398,23BD0048,Rahmat Ningsih,BD,Semarang,2023,2021-08-01,9999-12-31,Y
2400,23BD0050,Nabila Amelia Halim,BD,Unaaha,2023,2021-08-01,9999-12-31,Y
2402,23BD0052,Yoga Ningsih,BD,Ambon,2023,2021-08-01,9999-12-31,Y
2403,23BD0053,Zahra Rasyid,BD,Gorontalo,2023,2021-08-01,9999-12-31,Y
2406,23BD0056,Rahmat Firmansyah,BD,Kendari,2023,2021-08-01,9999-12-31,Y
2407,23BD0057,Lukman Permana Karim,BD,Baubau,2023,2021-08-01,9999-12-31,Y
2409,23BD0059,Reza Rasyid Nasution,BD,Palu,2023,2021-08-01,9999-12-31,Y
2410,23BD0060,Intan Utami,BD,Kendari,2023,2021-08-01,9999-12-31,Y
2413,23BD0063,Taufik Rasyid,BD,Surabaya,2023,2021-08-01,9999-12-31,Y
2421,23BD0071,Aisyah Rasyid Hermawan,BD,Semarang,2023,2021-08-01,9999-12-31,Y
2423,23BD0073,Kevin Saputra Permatasari,BD,Gorontalo,2023,2021-08-01,9999-12-31,Y
2426,24TI0001,Grace Ananda,TI,Palembang,2024,2021-08-01,9999-12-31,Y
2427,24TI0002,Aulia Putra Hermawan,TI,Kolaka,2024,2021-08-01,9999-12-31,Y
2429,24TI0004,Reza Pratama Gunawan,TI,Padang,2024,2021-08-01,9999-12-31,Y
2431,24TI0006,Hafiz Amelia Azzahra,TI,Mataram,2024,2021-08-01,9999-12-31,Y
2434,24TI0009,Raka Maharani,TI,Surabaya,2024,2021-08-01,9999-12-31,Y
2436,24TI0011,Vina Lestari Nugroho,TI,Palu,2024,2021-08-01,9999-12-31,Y
2437,24TI0012,Salma Pratama Hermawan,TI,Palu,2024,2021-08-01,9999-12-31,Y
2446,24TI0021,Zahra Yusuf Wardana,TI,Medan,2024,2021-08-01,9999-12-31,Y
2457,24TI0032,Syifa Lestari Mulyani,TI,Yogyakarta,2024,2021-08-01,9999-12-31,Y
2464,24TI0039,Andi Firmansyah,TI,Manado,2024,2021-08-01,9999-12-31,Y
2467,24TI0042,Aulia Ningsih Iskandar,TI,Padang,2024,2021-08-01,9999-12-31,Y
2471,24TI0046,Yoga Santoso,TI,Ambon,2024,2021-08-01,9999-12-31,Y
2474,24TI0049,Dian Kurniawan Nugroho,TI,Mataram,2024,2021-08-01,9999-12-31,Y
2476,24TI0051,Raka Aziz Susanti,TI,Wakatobi,2024,2021-08-01,9999-12-31,Y
2477,24TI0052,Kevin Lestari,TI,Surabaya,2024,2021-08-01,9999-12-31,Y
2482,24TI0057,Reza Febriani Herlambang,TI,Wakatobi,2024,2021-08-01,9999-12-31,Y
2483,24TI0058,Nisa Febriani Wardana,TI,Semarang,2024,2021-08-01,9999-12-31,Y
2487,24TI0062,Bima Amelia Halim,TI,Padang,2024,2021-08-01,9999-12-31,Y
2488,24TI0063,Dian Utami,TI,Medan,2024,2021-08-01,9999-12-31,Y
2489,24TI0064,Nisa Nugraha,TI,Yogyakarta,2024,2021-08-01,9999-12-31,Y
2490,24TI0065,Tiara Hidayat,TI,Medan,2024,2021-08-01,9999-12-31,Y
2495,24TI0070,Siti Saputra Pamungkas,TI,Wakatobi,2024,2021-08-01,9999-12-31,Y
2497,24TI0072,Aisyah Permana,TI,Kolaka,2024,2021-08-01,9999-12-31,Y
2501,24TI0076,Arif Ramadhan,TI,Padang,2024,2021-08-01,9999-12-31,Y
2504,24TI0079,Akbar Firmansyah Wardana,TI,Banda Aceh,2024,2021-08-01,9999-12-31,Y
2508,24TI0083,Rafi Pratama,TI,Palu,2024,2021-08-01,9999-12-31,Y
2509,24TI0084,Fauzan Pratama Setiaji,TI,Semarang,2024,2021-08-01,9999-12-31,Y
2517,24TI0092,Andi Permana Nasution,TI,Makassar,2024,2021-08-01,9999-12-31,Y
2524,24TI0099,Galih Lestari,TI,Palu,2024,2021-08-01,9999-12-31,Y
2530,24SI0006,Intan Santoso Maulida,SI,Palu,2024,2021-08-01,9999-12-31,Y
2531,24SI0007,Raka Firmansyah,SI,Wakatobi,2024,2021-08-01,9999-12-31,Y
2535,24SI0011,Anisa Sari Permatasari,SI,Manado,2024,2021-08-01,9999-12-31,Y
2537,24SI0013,Farhan Sari,SI,Bandung,2024,2021-08-01,9999-12-31,Y
2538,24SI0014,Siti Amelia Azzahra,SI,Banda Aceh,2024,2021-08-01,9999-12-31,Y
2542,24SI0018,Nabila Pratama,SI,Makassar,2024,2021-08-01,9999-12-31,Y
2548,24SI0024,Rina Putri,SI,Kolaka,2024,2021-08-01,9999-12-31,Y
2551,24SI0027,Nisa Putra Melati,SI,Palembang,2024,2021-08-01,9999-12-31,Y
2553,24SI0029,Andi Maulana Setiaji,SI,Manado,2024,2021-08-01,9999-12-31,Y
2558,24SI0034,Muhammad Ningsih Permatasari,SI,Bandung,2024,2021-08-01,9999-12-31,Y
2560,24SI0036,Yoga Hidayat,SI,Surabaya,2024,2021-08-01,9999-12-31,Y
2562,24SI0038,Salma Pratama Wardana,SI,Manado,2024,2021-08-01,9999-12-31,Y
2565,24SI0041,Zahra Ramadhan Nasution,SI,Kolaka,2024,2021-08-01,9999-12-31,Y
2572,24SI0048,Kevin Febriani Syahputra,SI,Kendari,2024,2021-08-01,9999-12-31,Y
2576,24SI0052,Dewi Ramadhan Oktaviani,SI,Bandung,2024,2021-08-01,9999-12-31,Y
2577,24SI0053,Salma Utami,SI,Padang,2024,2021-08-01,9999-12-31,Y
2578,24SI0054,Syifa Ningsih Prasetyo,SI,Raha,2024,2021-08-01,9999-12-31,Y
2579,24SI0055,Alya Febriani,SI,Makassar,2024,2021-08-01,9999-12-31,Y
2580,24SI0056,Rizky Ramadhan Gunawan,SI,Medan,2024,2021-08-01,9999-12-31,Y
2581,24SI0057,Zahra Firmansyah Herlambang,SI,Raha,2024,2021-08-01,9999-12-31,Y
2589,24SI0065,Maya Firmansyah Nugroho,SI,Medan,2024,2021-08-01,9999-12-31,Y
2595,24SI0071,Galih Maulana,SI,Wakatobi,2024,2021-08-01,9999-12-31,Y
2598,24SI0074,Akbar Wahyuni Nugroho,SI,Kolaka,2024,2021-08-01,9999-12-31,Y
2602,24SI0078,Ahmad Nugraha Rahmawati,SI,Raha,2024,2021-08-01,9999-12-31,Y
2608,24SI0084,Kevin Purnama Kurniadi,SI,Gorontalo,2024,2021-08-01,9999-12-31,Y
2611,24SI0087,Tiara Aziz Hasan,SI,Surabaya,2024,2021-08-01,9999-12-31,Y
2616,24SI0092,Nabila Permana Kusuma,SI,Yogyakarta,2024,2021-08-01,9999-12-31,Y
2622,24IF0004,Aulia Setiawan Susanti,IF,Kolaka,2024,2021-08-01,9999-12-31,Y
2623,24IF0005,Putri Saputra Kurniadi,IF,Kendari,2024,2021-08-01,9999-12-31,Y
2624,24IF0006,Taufik Saputra Siregar,IF,Kolaka,2024,2021-08-01,9999-12-31,Y
2628,24IF0010,Dian Ramadhan Mahendra,IF,Kendari,2024,2021-08-01,9999-12-31,Y
2632,24IF0014,Vina Kurniawan Rahmawati,IF,Semarang,2024,2021-08-01,9999-12-31,Y
2637,24IF0019,Dian Firmansyah,IF,Manado,2024,2021-08-01,9999-12-31,Y
2650,24IF0032,Muhammad Anggraini,IF,Wakatobi,2024,2021-08-01,9999-12-31,Y
2652,24IF0034,Siti Rasyid Prasetyo,IF,Baubau,2024,2021-08-01,9999-12-31,Y
2654,24IF0036,Taufik Hakim,IF,Kendari,2024,2021-08-01,9999-12-31,Y
2657,24IF0039,Fauzan Rasyid,IF,Bandung,2024,2021-08-01,9999-12-31,Y
2665,24IF0047,Rahmat Kurniawan Setiaji,IF,Kendari,2024,2021-08-01,9999-12-31,Y
2672,24IF0054,Arif Putri,IF,Palu,2024,2021-08-01,9999-12-31,Y
2677,24IF0059,Salma Ananda,IF,Gorontalo,2024,2021-08-01,9999-12-31,Y
2680,24IF0062,Andi Nugraha Nasution,IF,Mataram,2024,2021-08-01,9999-12-31,Y
2681,24IF0063,Fauzan Nugraha,IF,Bandung,2024,2021-08-01,9999-12-31,Y
2682,24IF0064,Andi Sari Kurniadi,IF,Surabaya,2024,2021-08-01,9999-12-31,Y
2689,24IF0071,Alya Anggraini,IF,Palembang,2024,2021-08-01,9999-12-31,Y
2690,24IF0072,Rizky Amelia,IF,Padang,2024,2021-08-01,9999-12-31,Y
2693,24IF0075,Farhan Ananda Prasetyo,IF,Medan,2024,2021-08-01,9999-12-31,Y
2694,24IF0076,Syifa Utami,IF,Manado,2024,2021-08-01,9999-12-31,Y
2697,24IF0079,Andi Amelia Pamungkas,IF,Gorontalo,2024,2021-08-01,9999-12-31,Y
2698,24IF0080,Aditya Maulana,IF,Yogyakarta,2024,2021-08-01,9999-12-31,Y
2700,24IF0082,Aisyah Ningsih Nugroho,IF,Raha,2024,2021-08-01,9999-12-31,Y
2702,24IF0084,Rafi Firmansyah Iskandar,IF,Yogyakarta,2024,2021-08-01,9999-12-31,Y
2703,24IF0085,Rizky Utami Halim,IF,Raha,2024,2021-08-01,9999-12-31,Y
2706,24IF0088,Fauzan Firmansyah Siregar,IF,Kendari,2024,2021-08-01,9999-12-31,Y
2714,24IF0096,Nisa Utami,IF,Ambon,2024,2021-08-01,9999-12-31,Y
2715,24IF0097,Yoga Hakim,IF,Kolaka,2024,2021-08-01,9999-12-31,Y
2719,24DS0002,Raka Anggraini,DS,Banda Aceh,2024,2021-08-01,9999-12-31,Y
2723,24DS0006,Putri Utami Safitri,DS,Unaaha,2024,2021-08-01,9999-12-31,Y
2724,24DS0007,Hafiz Kurniawan Melati,DS,Semarang,2024,2021-08-01,9999-12-31,Y
2727,24DS0010,Salma Amelia Kurniadi,DS,Unaaha,2024,2021-08-01,9999-12-31,Y
2728,24DS0011,Fajar Fauzi,DS,Mataram,2024,2021-08-01,9999-12-31,Y
2730,24DS0013,Reza Permana,DS,Mataram,2024,2021-08-01,9999-12-31,Y
2731,24DS0014,Nadia Putri Safitri,DS,Ambon,2024,2021-08-01,9999-12-31,Y
2733,24DS0016,Arif Saputra Prasetyo,DS,Medan,2024,2021-08-01,9999-12-31,Y
2734,24DS0017,Samuel Wijaya,DS,Kolaka,2024,2021-08-01,9999-12-31,Y
2735,24DS0018,Maya Ramadhan,DS,Baubau,2024,2021-08-01,9999-12-31,Y
2740,24DS0023,Anisa Maulana Herlambang,DS,Makassar,2024,2021-08-01,9999-12-31,Y
2748,24DS0031,Arif Permana Pamungkas,DS,Yogyakarta,2024,2021-08-01,9999-12-31,Y
2749,24DS0032,Yoga Maharani,DS,Unaaha,2024,2021-08-01,9999-12-31,Y
2755,24DS0038,Andi Santoso Halim,DS,Yogyakarta,2024,2021-08-01,9999-12-31,Y
2760,24DS0043,Nadia Putra Safitri,DS,Yogyakarta,2024,2021-08-01,9999-12-31,Y
2761,24DS0044,Anisa Amelia Mulyani,DS,Palu,2024,2021-08-01,9999-12-31,Y
2763,24DS0046,Alya Hakim Azzahra,DS,Padang,2024,2021-08-01,9999-12-31,Y
2768,24DS0051,Dewi Saputra,DS,Wakatobi,2024,2021-08-01,9999-12-31,Y
2781,24DS0064,Akbar Saputra Wardana,DS,Palu,2024,2021-08-01,9999-12-31,Y
2801,24TR0006,Nisa Saputra,TR,Wakatobi,2024,2021-08-01,9999-12-31,Y
2804,24TR0009,Reza Wijaya Oktaviani,TR,Raha,2024,2021-08-01,9999-12-31,Y
2809,24TR0014,Zahra Putra Permatasari,TR,Unaaha,2024,2021-08-01,9999-12-31,Y
2812,24TR0017,Nisa Ananda,TR,Makassar,2024,2021-08-01,9999-12-31,Y
2813,24TR0018,Arif Permana Halim,TR,Baubau,2024,2021-08-01,9999-12-31,Y
2816,24TR0021,Ahmad Yusuf Mulyani,TR,Palu,2024,2021-08-01,9999-12-31,Y
2818,24TR0023,Salma Fauzi Siregar,TR,Manado,2024,2021-08-01,9999-12-31,Y
2821,24TR0026,Nabila Santoso,TR,Unaaha,2024,2021-08-01,9999-12-31,Y
2822,24TR0027,Raka Amelia Pamungkas,TR,Kendari,2024,2021-08-01,9999-12-31,Y
2825,24TR0030,Grace Yusuf Siregar,TR,Palembang,2024,2021-08-01,9999-12-31,Y
2826,24TR0031,Iqbal Aziz,TR,Raha,2024,2021-08-01,9999-12-31,Y
2829,24TR0034,Rina Saputra,TR,Padang,2024,2021-08-01,9999-12-31,Y
2830,24TR0035,Bagas Amelia,TR,Banda Aceh,2024,2021-08-01,9999-12-31,Y
2832,24TR0037,Rani Sari Fadillah,TR,Yogyakarta,2024,2021-08-01,9999-12-31,Y
2833,24TR0038,Vina Firmansyah,TR,Palembang,2024,2021-08-01,9999-12-31,Y
2835,24TR0040,Galih Wahyuni,TR,Makassar,2024,2021-08-01,9999-12-31,Y
2838,24TR0043,Alya Maharani Susanti,TR,Semarang,2024,2021-08-01,9999-12-31,Y
2839,24TR0044,Iqbal Yusuf,TR,Padang,2024,2021-08-01,9999-12-31,Y
2843,24TR0048,Arif Anggraini,TR,Semarang,2024,2021-08-01,9999-12-31,Y
2844,24TR0049,Nadia Pratama,TR,Surabaya,2024,2021-08-01,9999-12-31,Y
2846,24TR0051,Grace Kurniawan,TR,Manado,2024,2021-08-01,9999-12-31,Y
2851,24TR0056,Intan Putri Mahendra,TR,Kendari,2024,2021-08-01,9999-12-31,Y
2852,24TR0057,Ilham Firmansyah,TR,Ambon,2024,2021-08-01,9999-12-31,Y
2855,24TR0060,Wulan Utami,TR,Gorontalo,2024,2021-08-01,9999-12-31,Y
2858,24TR0063,Fajar Setiawan,TR,Raha,2024,2021-08-01,9999-12-31,Y
2860,24TR0065,Grace Setiawan,TR,Baubau,2024,2021-08-01,9999-12-31,Y
2866,24TR0071,Aditya Purnama,TR,Palu,2024,2021-08-01,9999-12-31,Y
2877,24BD0005,Ilham Rasyid,BD,Manado,2024,2021-08-01,9999-12-31,Y
2882,24BD0010,Arif Yusuf Pamungkas,BD,Surabaya,2024,2021-08-01,9999-12-31,Y
2885,24BD0013,Hafiz Febriani,BD,Bandung,2024,2021-08-01,9999-12-31,Y
2888,24BD0016,Akbar Lestari,BD,Yogyakarta,2024,2021-08-01,9999-12-31,Y
2894,24BD0022,Zahra Aziz Safitri,BD,Gorontalo,2024,2021-08-01,9999-12-31,Y
2897,24BD0025,Hafiz Nugraha Susanti,BD,Palu,2024,2021-08-01,9999-12-31,Y
2898,24BD0026,Ilham Sari,BD,Surabaya,2024,2021-08-01,9999-12-31,Y
2900,24BD0028,Reza Maharani,BD,Wakatobi,2024,2021-08-01,9999-12-31,Y
2906,24BD0034,Intan Fauzi Rahmawati,BD,Palu,2024,2021-08-01,9999-12-31,Y
2913,24BD0041,Farhan Anggraini Sulaiman,BD,Ambon,2024,2021-08-01,9999-12-31,Y
2916,24BD0044,Samuel Hakim Hasan,BD,Mataram,2024,2021-08-01,9999-12-31,Y
2923,24BD0051,Ahmad Aziz Kurniadi,BD,Palembang,2024,2021-08-01,9999-12-31,Y
2927,24BD0055,Fitri Ananda,BD,Unaaha,2024,2021-08-01,9999-12-31,Y
2932,24BD0060,Salma Utami,BD,Padang,2024,2021-08-01,9999-12-31,Y
2939,24BD0067,Aisyah Santoso Hasan,BD,Gorontalo,2024,2021-08-01,9999-12-31,Y
2940,24BD0068,Nadia Setiawan,BD,Kendari,2024,2021-08-01,9999-12-31,Y
2943,24BD0071,Dian Anggraini,BD,Wakatobi,2024,2021-08-01,9999-12-31,Y
999001,21TI0061,Wulan Anggraini Permatasari,TI,Bandung,2021,2024-01-01,9999-12-31,Y
999002,21SI0079,Fajar Setiawan Herlambang,DS,Manado,2021,2024-06-01,9999-12-31,Y
